longitude,latitude,housing_median_age,total_rooms,total_bedrooms,population,households,median_income,median_house_value
-122.23,37.88,41.0,880.0,0.02648040033361134,322.0,0.027629233511586453,8.3252,452600.0
-122.22,37.86,21.0,7099.0,0.23019182652210174,2401.0,0.2531194295900178,8.3014,358500.0
-122.24,37.85,52.0,1467.0,0.03919933277731443,496.0,0.03899286987522282,7.2574,352100.0
-122.25,37.84,52.0,2535.0,0.10154295246038365,1094.0,0.1140819964349376,3.6591,299200.0
-122.27,37.83,49.0,1655.0,0.07589658048373644,754.0,0.07286096256684492,1.375,104900.0
-122.27,37.82,43.0,1007.0,0.0646371976647206,558.0,0.055926916221033865,1.7348,137500.0
-122.29,37.81,50.0,760.0,0.03919933277731443,377.0,0.026737967914438502,0.9011,86100.0
-122.29,37.8,52.0,1027.0,0.05045871559633028,492.0,0.03230837789661319,2.6094,81300.0
-122.27,37.79,27.0,1055.0,0.0719349457881568,718.0,0.06684491978609626,2.6354,187500.0
-122.22,37.77,52.0,391.0,0.02627189324437031,520.0,0.030303030303030304,1.6471,95000.0
-122.23,37.78,52.0,472.0,0.030025020850708923,415.0,0.027629233511586453,2.6429,71300.0
-122.21,37.76,52.0,1420.0,0.06505421184320268,1085.0,0.06639928698752229,1.7546,80600.0
-122.2,37.75,36.0,606.0,0.027105921601334446,531.0,0.029188948306595366,1.5809,70000.0
-122.19,37.74,36.0,847.0,0.043786488740617184,567.0,0.03498217468805704,1.1765,87100.0
-122.19,37.73,44.0,1066.0,0.052335279399499585,825.0,0.05392156862745098,2.1538,79700.0
-122.29,37.9,49.0,1283.0,0.04920767306088407,576.0,0.05213903743315508,3.3333,276800.0
-122.29,37.89,52.0,2248.0,0.08757297748123437,870.0,0.08355614973262032,3.4732,246200.0
-122.3,37.87,10.0,503.0,0.02418682235195997,228.0,0.021836007130124777,2.1705,150000.0
-122.24,37.72,5.0,18634.0,0.6011259382819016,7427.0,0.6051693404634582,7.611000000000001,350700.0
-122.06,37.71,36.0,3541.0,0.11843202668890743,1478.0,0.11742424242424243,4.635,248600.0
-122.1,37.7,25.0,2973.0,0.1292743953294412,1413.0,0.1321301247771836,4.3819,209200.0
-122.1,37.69,30.0,3115.0,0.1298999165971643,1444.0,0.12611408199643495,3.7222,195800.0
-122.08,37.68,37.0,848.0,0.041701417848206836,314.0,0.04523172905525847,2.3958,190800.0
-121.97,37.64,32.0,1283.0,0.040033361134278564,485.0,0.037655971479500894,6.0574,431000.0
-122.02,37.63,6.0,2445.0,0.12260216847372811,1189.0,0.12722816399286987,3.8958,301100.0
-122.04,37.66,10.0,2031.0,0.07402001668056714,867.0,0.07798573975044563,5.3169,299200.0
-122.04,37.65,10.0,8299.0,0.27606338615512926,3827.0,0.28654188948306597,6.2579,315500.0
-122.08,37.67,29.0,493.0,0.03461217681401168,233.0,0.03342245989304813,0.9637,160000.0
-122.1,37.61,35.0,2361.0,0.0950792326939116,1727.0,0.1036096256684492,4.5281,173600.0
-122.03,37.62,35.0,2072.0,0.07297748123436197,1001.0,0.07754010695187166,4.7109,198700.0
-122.02,37.6,36.0,1633.0,0.07151793160967473,1382.0,0.0748663101604278,3.694,159600.0
-122.08,37.59,16.0,1816.0,0.07568807339449542,1367.0,0.0786541889483066,4.235,156300.0
-122.08,37.58,15.0,2576.0,0.08673894912427023,1657.0,0.09090909090909091,5.5218,254400.0
-121.97,37.57,21.0,4342.0,0.1628440366972477,2172.0,0.17535650623885918,4.6146,247600.0
-121.93,37.49,5.0,1150.0,0.06442869057547956,648.0,0.05414438502673797,3.5714,300000.0
-122.07,37.52,3.0,14014.0,0.5961217681401167,7205.0,0.6129679144385026,6.0824,273500.0
-122.02,37.56,23.0,4332.0,0.17827356130108424,2461.0,0.18426916221033868,4.3594,223400.0
-122.01,37.55,26.0,2068.0,0.11050875729774812,1434.0,0.10984848484848485,3.3008,224200.0
-121.97,37.54,31.0,1949.0,0.07130942452043369,986.0,0.07130124777183601,4.6349,196200.0
-121.94,37.53,33.0,2095.0,0.07089241034195162,941.0,0.06729055258467023,5.761,259600.0
-121.97,37.51,25.0,3333.0,0.1061301084236864,1671.0,0.11185383244206773,5.4359,258300.0
-121.92,37.48,23.0,4314.0,0.14053377814845705,1972.0,0.13836898395721925,5.3813,264400.0
-121.92,37.47,26.0,2016.0,0.06672226855713094,1105.0,0.07909982174688057,6.0878,246900.0
-122.04,37.5,17.0,407.0,0.019808173477898247,307.0,0.021836007130124777,3.1696,156300.0
-119.78,38.69,17.0,1364.0,0.058381984987489574,338.0,0.03342245989304813,2.45,117600.0
-119.93,38.72,15.0,2061.0,0.09653878231859883,573.0,0.04322638146167558,2.2417,97900.0
-120.0,38.52,16.0,3045.0,0.1128023352793995,202.0,0.022281639928698752,3.15,140600.0
-120.56,38.48,14.0,3545.0,0.14595496246872394,946.0,0.09113190730837789,3.4609,120900.0
-120.59,38.45,13.0,2944.0,0.11592994161801501,1091.0,0.10338680926916222,3.0,119000.0
-120.55,38.46,16.0,1443.0,0.051501251042535445,435.0,0.03988413547237077,3.2031,129200.0
-120.55,38.43,18.0,1564.0,0.07402001668056714,618.0,0.061274509803921566,2.3549,108900.0
-120.25,38.55,15.0,4403.0,0.1853628023352794,1103.0,0.09603386809269163,3.0125,111700.0
-120.79,38.54,34.0,1133.0,0.05254378648874062,495.0,0.04122103386809269,2.05,68900.0
-120.8,38.51,23.0,1001.0,0.0402418682235196,369.0,0.03453654188948307,3.125,96400.0
-120.65,38.5,10.0,1783.0,0.06984987489574646,638.0,0.057932263814616754,2.65,116700.0
-120.76,38.47,17.0,1521.0,0.0640116763969975,607.0,0.05303030303030303,3.5,123800.0
-120.69,38.44,13.0,1473.0,0.054837364470391996,597.0,0.05035650623885918,4.2917,121300.0
-120.97,38.42,16.0,1748.0,0.06672226855713094,4930.0,0.06350267379679145,4.3029,121900.0
-120.87,38.37,28.0,3998.0,0.1590909090909091,1614.0,0.15508021390374332,2.8125,113400.0
-120.98,38.34,27.0,3471.0,0.13573811509591327,1793.0,0.13324420677361853,3.5508,99100.0
-120.88,38.32,18.0,2791.0,0.10216847372810675,1187.0,0.09714795008912656,3.2589,103000.0
-120.93,38.26,13.0,2084.0,0.09320266889074229,834.0,0.06751336898395723,3.2937,114200.0
-120.77,38.38,15.0,4221.0,0.16972477064220184,1737.0,0.16510695187165775,2.3125,128600.0
-120.66,38.4,18.0,2144.0,0.0871559633027523,985.0,0.08444741532976827,3.175,118500.0
-120.62,38.39,15.0,3750.0,0.14366138448707255,1444.0,0.1339126559714795,2.7399,134800.0
-120.69,38.36,19.0,3267.0,0.12760633861551293,1252.0,0.12566844919786097,2.7236,109900.0
-120.8,38.31,37.0,1341.0,0.05296080066722268,533.0,0.053475935828877004,3.2135,123600.0
-121.83,39.76,12.0,9831.0,0.40012510425354464,4644.0,0.3950534759358289,3.1142,112600.0
-121.86,39.78,12.0,7653.0,0.3286071726438699,3628.0,0.3324420677361854,3.0905,117800.0
-121.85,39.77,17.0,5273.0,0.2449958298582152,2446.0,0.2667112299465241,1.9362,89900.0
-121.88,39.74,12.0,14631.0,0.6872393661384487,7517.0,0.7263814616755794,1.6785,153100.0
-121.87,39.75,22.0,1707.0,0.061301084236864055,822.0,0.06573083778966132,3.6625,126600.0
-121.85,39.73,52.0,444.0,0.01626355296080067,1107.0,0.0213903743315508,3.4191,137500.0
-121.78,39.71,8.0,140.0,0.005421184320266889,84.0,0.006016042780748663,2.125,179200.0
-121.84,39.72,52.0,1457.0,0.08069224353628024,802.0,0.07575757575757576,0.9566,69000.0
-121.81,39.7,21.0,5051.0,0.21934945788156798,2948.0,0.2179144385026738,1.5863,81300.0
-121.87,39.82,11.0,5103.0,0.17160133444537115,2456.0,0.1800356506238859,4.5032,159700.0
-121.97,39.79,16.0,1453.0,0.06192660550458716,904.0,0.06327985739750445,3.5735,89600.0
-121.84,39.68,38.0,549.0,0.021476230191826522,275.0,0.020499108734402853,3.5375,153100.0
-121.8,39.64,25.0,2202.0,0.08757297748123437,1109.0,0.089349376114082,2.8306,87500.0
-121.77,39.66,20.0,3759.0,0.0817347789824854,1705.0,0.13324420677361853,4.712,158600.0
-121.74,39.59,24.0,1535.0,0.05775646371976647,726.0,0.06016042780748663,2.3833,95100.0
-121.75,39.88,16.0,2867.0,0.11613844870725605,1203.0,0.09959893048128342,2.7143,95300.0
-121.54,40.06,17.0,858.0,0.05421184320266889,47.0,0.005570409982174688,2.4028,67500.0
-121.51,39.97,22.0,1468.0,0.05900750625521268,611.0,0.051916221033868094,2.3036,73000.0
-121.59,39.86,14.0,1527.0,0.05567139282735613,665.0,0.05770944741532977,2.8657,119600.0
-121.58,39.83,16.0,4591.0,0.18807339449541285,1904.0,0.1804812834224599,2.2419,93200.0
-121.6,39.8,10.0,1742.0,0.06359466221851542,721.0,0.06907308377896614,2.4537,117900.0
-121.56,39.69,8.0,2836.0,0.10842368640533778,1163.0,0.11363636363636363,3.13,168300.0
-121.39,39.61,22.0,2828.0,0.1267723102585488,986.0,0.08667557932263814,2.8871,94700.0
-121.24,39.65,35.0,632.0,0.030442035029190993,221.0,0.022281639928698752,2.3684,62500.0
-121.19,39.55,17.0,1483.0,0.058798999165971644,481.0,0.04656862745098039,1.4896,83300.0
-121.36,39.52,15.0,2490.0,0.10946622185154295,1229.0,0.11029411764705882,2.3917,85700.0
-121.56,39.53,12.0,1733.0,0.08736447039199333,1861.0,0.09202317290552585,1.5771,65200.0
-121.54,39.6,15.0,886.0,0.042118432026688905,576.0,0.04523172905525847,2.1467,84100.0
-121.46,39.54,14.0,5549.0,0.20809007506255212,1822.0,0.20432263814616755,2.9562,142300.0
-121.44,39.5,26.0,1652.0,0.06734778982485405,790.0,0.06461675579322639,3.0446,90800.0
-121.47,39.49,17.0,1554.0,0.05004170141784821,553.0,0.05080213903743316,3.2174,91800.0
-121.47,39.51,19.0,3720.0,0.13219349457881568,1304.0,0.13480392156862744,2.6921,97500.0
-121.57,39.48,15.0,202.0,0.010842368640533779,145.0,0.008467023172905526,0.8252,42500.0
-121.54,39.47,14.0,1724.0,0.0652627189324437,939.0,0.06684491978609626,2.4952,53900.0
-121.55,39.45,18.0,2278.0,0.10863219349457881,1185.0,0.1053921568627451,1.3611,60600.0
-121.53,39.44,26.0,1340.0,0.052752293577981654,662.0,0.052807486631016046,2.6071,57100.0
-121.52,39.43,15.0,2119.0,0.08069224353628024,1079.0,0.08288770053475936,2.3566,80400.0
-121.46,39.4,17.0,3659.0,0.15283569641367806,1970.0,0.1481729055258467,2.425,96200.0
-121.39,39.39,52.0,189.0,0.006672226855713094,121.0,0.007798573975044563,3.0208,60000.0
-121.54,39.33,27.0,720.0,0.030859049207673062,359.0,0.030303030303030304,2.5313,61300.0
-121.67,39.37,27.0,2599.0,0.1042535446205171,1241.0,0.11140819964349376,1.9943,86300.0
-121.65,39.35,24.0,1003.0,0.051918265221017515,1098.0,0.05013368983957219,1.7552,86400.0
-121.67,39.34,22.0,1217.0,0.04628857381150959,537.0,0.04122103386809269,2.6607,84600.0
-121.65,39.32,40.0,812.0,0.0316930775646372,374.0,0.031194295900178252,2.7891,73500.0
-121.69,39.36,29.0,2220.0,0.09778982485404504,1170.0,0.09491978609625669,2.3224,56200.0
-121.74,39.38,27.0,2596.0,0.0902835696413678,1100.0,0.09068627450980392,2.3243,85500.0
-121.71,39.42,21.0,1432.0,0.058798999165971644,862.0,0.060828877005347594,2.2813,57600.0
-121.71,39.41,22.0,1814.0,0.07089241034195162,941.0,0.07152406417112299,2.1728,59400.0
-120.46,38.15,16.0,4221.0,0.16242702251876565,1516.0,0.15485739750445632,2.3816,116000.0
-120.55,38.12,10.0,1566.0,0.06734778982485405,785.0,0.06439393939393939,2.5,116100.0
-120.56,38.09,34.0,2745.0,0.11613844870725605,1150.0,0.1089572192513369,2.3654,94900.0
-120.55,38.07,27.0,1199.0,0.04628857381150959,463.0,0.04389483065953654,2.9063,92200.0
-120.67,37.97,9.0,7450.0,0.30713094245204337,2233.0,0.20677361853832443,2.6528,133000.0
-120.79,38.24,19.0,1003.0,0.048582151793160964,538.0,0.04188948306595366,2.9821,90400.0
-120.9,38.2,16.0,3120.0,0.13323603002502085,1319.0,0.11675579322638147,2.0472,93200.0
-120.88,38.16,8.0,2029.0,0.08027522935779817,1000.0,0.08065953654188948,4.0109,125900.0
-120.91,38.11,9.0,3585.0,0.1413678065054212,1800.0,0.13279857397504458,3.636,133100.0
-120.65,38.28,21.0,3095.0,0.14157631359466222,1341.0,0.12121212121212122,2.1382,104000.0
-120.67,38.19,17.0,2967.0,0.12698081734778982,1387.0,0.12522281639928698,2.0417,92600.0
-120.43,38.25,13.0,763.0,0.033152627189324435,311.0,0.027406417112299464,2.4583,112500.0
-120.54,38.41,21.0,1435.0,0.060884070058381985,668.0,0.05904634581105169,2.5667,77400.0
-120.41,38.33,17.0,1463.0,0.07005838198498748,529.0,0.049910873440285206,3.0239999999999996,100900.0
-120.57,38.35,17.0,1504.0,0.07422852376980818,661.0,0.05525846702317291,2.2604,84800.0
-120.36,38.21,10.0,4300.0,0.17577147623019182,1480.0,0.13524955436720143,2.8208,139900.0
-120.34,38.23,10.0,3757.0,0.1501251042535446,546.0,0.04924242424242424,3.75,121400.0
-120.27,38.29,10.0,3486.0,0.1444954128440367,298.0,0.027183600713012478,3.3542,103800.0
-121.91,39.03,48.0,1096.0,0.045037531276063386,657.0,0.04389483065953654,2.7841,65800.0
-122.0,38.99,39.0,1548.0,0.06693077564637198,815.0,0.06327985739750445,2.9489,67500.0
-122.13,39.0,23.0,3832.0,0.1609674728940784,2435.0,0.1659982174688057,2.2754,59200.0
-121.99,39.15,17.0,6440.0,0.2506255212677231,3266.0,0.2540106951871658,2.7137,72000.0
-122.04,39.22,27.0,1446.0,0.06109257714762302,670.0,0.06216577540106952,3.2625,92800.0
-122.08,39.25,52.0,224.0,0.007506255212677231,120.0,0.009581105169340463,3.017,112500.0
-122.33,39.1,10.0,266.0,0.012510425354462052,154.0,0.010472370766488414,2.25,75000.0
-122.09,39.13,28.0,4169.0,0.18619683069224355,2587.0,0.1800356506238859,2.331,65500.0
-122.17,39.31,35.0,2791.0,0.11467889908256881,1395.0,0.10561497326203209,2.5625,62700.0
-122.51,39.3,19.0,1629.0,0.08006672226855713,551.0,0.04723707664884135,1.7463,68800.0
-122.01,39.21,50.0,1592.0,0.07714762301918265,781.0,0.0679590017825312,2.2679,69100.0
-121.65,38.03,28.0,3144.0,0.14428690575479566,1095.0,0.10695187165775401,3.4402,192400.0
-121.63,38.04,25.0,2019.0,0.08527939949958299,888.0,0.07219251336898395,3.2619,183800.0
-121.73,38.0,3.0,9217.0,0.31693077564637195,3578.0,0.28297682709447414,5.0016,189100.0
-121.72,37.98,5.0,7105.0,0.23790658882402002,3523.0,0.24197860962566844,5.0468,168800.0
-121.71,37.99,27.0,3861.0,0.14929107589658047,2085.0,0.1570855614973262,3.3558,129700.0
-121.68,37.93,44.0,1014.0,0.04649708090075062,704.0,0.05258467023172905,1.6554,119400.0
-121.7,37.94,36.0,1710.0,0.06630525437864887,861.0,0.06639928698752229,2.8828,131100.0
-121.69,37.95,15.0,1850.0,0.09153461217681401,1348.0,0.089349376114082,3.8125,125400.0
-121.7,37.96,33.0,2396.0,0.09382819015846539,1391.0,0.10316399286987522,3.2813,151400.0
-121.7,37.91,17.0,1962.0,0.06025854879065888,825.0,0.05904634581105169,4.8958,187100.0
-121.8,38.01,46.0,2273.0,0.10279399499582986,1088.0,0.09915329768270945,2.2532,109400.0
-121.82,38.02,46.0,176.0,0.008548790658882402,101.0,0.008467023172905526,2.2361,93800.0
-121.98,38.05,31.0,2810.0,0.10758965804837364,1640.0,0.11163101604278075,3.3661,98500.0
-122.05,37.92,14.0,12713.0,0.5329441201000834,4741.0,0.5369875222816399,4.7094,234700.0
-122.23,38.06,52.0,1350.0,0.05504587155963303,490.0,0.056818181818181816,3.125,171100.0
-124.17,41.8,16.0,2739.0,0.09966638865721435,1259.0,0.09670231729055258,3.7557,109400.0
-124.23,41.75,11.0,3159.0,0.128023352793995,1343.0,0.10628342245989304,2.4805,73200.0
-124.21,41.77,17.0,3461.0,0.1501251042535446,1947.0,0.14371657754010694,2.5795,68400.0
-124.19,41.78,15.0,3140.0,0.14845704753961636,1645.0,0.14215686274509803,1.6654,74600.0
-124.22,41.73,28.0,3003.0,0.14532944120100083,1530.0,0.14505347593582887,1.7038,78300.0
-124.17,41.76,20.0,2673.0,0.11175979983319433,1282.0,0.1140819964349376,2.4605,105900.0
-124.16,41.74,15.0,2715.0,0.11822351959966639,1532.0,0.11764705882352941,2.1829,69500.0
-124.14,41.95,21.0,2696.0,0.12010008340283569,1208.0,0.10962566844919786,2.275,122400.0
-124.16,41.92,19.0,1668.0,0.06713928273561301,841.0,0.06261140819964349,2.1336,75000.0
-124.3,41.84,17.0,2677.0,0.11030025020850709,1244.0,0.10115864527629234,3.0313,103600.0
-124.15,41.81,17.0,3276.0,0.1305254378648874,3546.0,0.12990196078431374,2.2868,103100.0
-123.91,41.68,22.0,1880.0,0.07464553794829024,743.0,0.06951871657754011,2.9688,152700.0
-123.83,41.88,18.0,1504.0,0.07402001668056714,660.0,0.0570409982174688,3.13,116700.0
-123.92,41.54,22.0,2920.0,0.13219349457881568,1382.0,0.11073975044563279,2.0202,71100.0
-119.94,38.96,20.0,1451.0,0.08006672226855713,467.0,0.056372549019607844,1.5536,212500.0
-119.95,38.95,8.0,430.0,0.021893244370308592,36.0,0.0035650623885918,2.625,187500.0
-119.95,38.94,24.0,2180.0,0.10738115095913262,755.0,0.04924242424242424,2.5875,173400.0
-119.97,38.93,24.0,856.0,0.03815679733110926,388.0,0.023618538324420676,3.1806,107200.0
-119.94,38.92,24.0,1258.0,0.044620517097581316,235.0,0.02094474153297683,4.6,136800.0
-120.02,38.91,22.0,2138.0,0.10237698081734779,829.0,0.07308377896613191,2.2056,107200.0
-120.01,38.89,24.0,1669.0,0.08757297748123437,589.0,0.06216577540106952,3.0089,100800.0
-120.0,38.9,21.0,1653.0,0.08694745621351126,737.0,0.06818181818181818,1.9727,114100.0
-119.99,38.88,17.0,2807.0,0.10988323603002502,675.0,0.05548128342245989,2.7457,107800.0
-120.0,38.87,12.0,1437.0,0.05546288573811509,395.0,0.03163992869875223,4.225,127600.0
-119.96,38.84,17.0,2722.0,0.10633861551292743,828.0,0.06394830659536542,3.5714,109700.0
-120.02,38.76,15.0,3142.0,0.12844036697247707,725.0,0.06305704099821748,4.3333,121400.0
-120.04,38.86,16.0,2708.0,0.09987489574645537,712.0,0.05770944741532977,3.7891,117700.0
-120.13,39.06,22.0,2465.0,0.11196830692243537,381.0,0.03208556149732621,2.875,87500.0
-120.16,39.04,18.0,2040.0,0.08340283569641367,350.0,0.028297682709447415,4.0313,126000.0
-120.16,39.01,16.0,1463.0,0.05462885738115096,54.0,0.0053475935828877,4.975,206300.0
-121.04,38.81,11.0,3522.0,0.12948290241868224,1456.0,0.12076648841354724,3.93,163400.0
-120.87,38.83,12.0,2180.0,0.0877814845704754,1070.0,0.08355614973262032,2.8562,128200.0
-120.71,38.85,8.0,1877.0,0.0994578815679733,884.0,0.07152406417112299,3.4688,120100.0
-121.09,38.68,15.0,5218.0,0.14783152627189325,1949.0,0.1463903743315508,4.7083,213300.0
-121.08,38.67,10.0,2499.0,0.06859883236030025,1040.0,0.07375222816399286,6.843999999999999,239600.0
-121.07,38.66,22.0,1831.0,0.0567139282735613,813.0,0.05949197860962567,4.6394,173400.0
-121.06,38.7,9.0,13255.0,0.3621768140116764,5001.0,0.3620766488413547,6.314,228900.0
-121.0,38.58,12.0,3425.0,0.1140533778148457,1357.0,0.1000445632798574,5.3344,217500.0
-121.01,38.73,7.0,6322.0,0.2176814011676397,2957.0,0.22771836007130125,4.7276,197500.0
-120.97,38.65,9.0,3707.0,0.12510425354462051,1601.0,0.1232174688057041,4.0714,300600.0
-120.91,38.62,12.0,4545.0,0.1555462885738115,2033.0,0.15953654188948307,4.1843,207600.0
-120.95,38.79,12.0,3247.0,0.12030859049207673,1459.0,0.11475044563279857,4.3981,202800.0
-120.93,38.77,9.0,2229.0,0.07360300250208507,788.0,0.07553475935828877,5.5111,196300.0
-120.87,38.71,13.0,2692.0,0.097581317764804,1302.0,0.09313725490196079,4.0,167400.0
-120.86,38.75,15.0,1533.0,0.06213511259382819,674.0,0.06350267379679145,2.5625,146100.0
-120.83,38.74,17.0,3685.0,0.16117597998331942,1714.0,0.16310160427807488,2.2269,128300.0
-120.76,38.6,14.0,2925.0,0.1298999165971643,1226.0,0.09692513368983957,2.5865,133800.0
-120.66,38.61,19.0,2715.0,0.12385321100917432,1301.0,0.10494652406417113,2.5042,126400.0
-120.72,38.57,8.0,892.0,0.03815679733110926,427.0,0.03609625668449198,2.6833,118800.0
-120.59,38.53,15.0,432.0,0.017723102585487906,208.0,0.015819964349376114,3.6125,100000.0
-120.08,38.8,34.0,1988.0,0.1061301084236864,36.0,0.002896613190730838,4.625,162500.0
-120.84,38.63,12.0,1313.0,0.04774812343619683,731.0,0.05124777183600713,5.7373,208300.0
-119.81,36.73,51.0,956.0,0.040450375312760634,662.0,0.039661319073083776,2.101,56700.0
-119.81,36.74,36.0,607.0,0.03190158465387823,483.0,0.03208556149732621,1.5625,47500.0
-119.8,36.72,43.0,1286.0,0.07464553794829024,972.0,0.07642602495543672,0.9513,50400.0
-119.77,36.75,39.0,1287.0,0.06880733944954129,1386.0,0.0677361853832442,1.5227,46900.0
-119.83,36.71,43.0,355.0,0.0164720600500417,233.0,0.01626559714795009,2.4167,73900.0
-119.79,36.7,23.0,1731.0,0.07527105921601335,1210.0,0.07553475935828877,1.3922,49500.0
-119.73,36.68,32.0,755.0,0.04232693911592994,681.0,0.04567736185383244,1.7986,49300.0
-119.69,36.69,36.0,1432.0,0.05567139282735613,836.0,0.05236185383244207,2.1563,88300.0
-119.67,36.65,20.0,2512.0,0.09320266889074229,1464.0,0.09982174688057041,3.9211,92300.0
-119.63,36.64,33.0,1036.0,0.03732276897414512,620.0,0.03832442067736185,3.4107,110400.0
-119.65,36.62,6.0,1931.0,0.08757297748123437,1344.0,0.09180035650623886,1.6607,58000.0
-119.68,36.63,39.0,1237.0,0.05296080066722268,638.0,0.052807486631016046,3.0139,65300.0
-119.73,36.59,31.0,1551.0,0.061301084236864055,1058.0,0.06350267379679145,3.3438,92600.0
-119.84,36.77,6.0,1853.0,0.09820683903252711,1397.0,0.09246880570409982,1.4817,72000.0
-119.83,36.76,15.0,3291.0,0.16055045871559634,1738.0,0.1408199643493761,1.976,67300.0
-119.7,36.8,34.0,1768.0,0.0627606338615513,888.0,0.06951871657754011,3.8088,87700.0
-119.71,36.79,34.0,1891.0,0.06693077564637198,966.0,0.0786541889483066,3.6681,82000.0
-119.71,36.81,9.0,1122.0,0.060050041701417846,662.0,0.06283422459893048,2.0536,55000.0
-119.75,36.78,35.0,1129.0,0.045454545454545456,474.0,0.053475935828877004,2.4405,74300.0
-120.1,36.66,19.0,2020.0,0.08632193494578816,1341.0,0.07976827094474154,1.7,69000.0
-119.91,36.83,29.0,2205.0,0.07589658048373644,1072.0,0.07642602495543672,3.8056,165400.0
-119.88,36.85,8.0,2580.0,0.07714762301918265,1111.0,0.08712121212121213,7.5,256200.0
-119.86,36.82,12.0,1488.0,0.052335279399499585,675.0,0.04924242424242424,4.7622,89300.0
-119.85,36.84,12.0,2272.0,0.06296914095079233,840.0,0.06751336898395723,8.9669,213900.0
-119.78,36.86,10.0,2902.0,0.07527105921601335,1200.0,0.0804367201426025,8.3608,187300.0
-119.77,36.91,3.0,7520.0,0.23790658882402002,2878.0,0.2395276292335116,5.3272,174200.0
-119.75,36.87,3.0,13802.0,0.46747289407839865,5226.0,0.43894830659536543,5.0941,143700.0
-119.7,36.94,15.0,1449.0,0.05733944954128441,649.0,0.05860071301247772,2.4861,86300.0
-119.71,36.88,17.0,2236.0,0.0652627189324437,992.0,0.06907308377896614,6.9405,165200.0
-119.67,36.89,15.0,2373.0,0.07547956630525438,1280.0,0.0855614973262032,5.308,167500.0
-119.49,37.1,24.0,2532.0,0.11530442035029191,1564.0,0.1125222816399287,2.3359,92400.0
-119.57,37.02,16.0,4199.0,0.1651376146788991,2140.0,0.16042780748663102,3.332,111800.0
-119.48,37.0,16.0,2904.0,0.11447039199332777,1467.0,0.11296791443850267,3.1736,111800.0
-119.21,37.25,44.0,3042.0,0.14491242702251877,335.0,0.02517825311942959,4.1838,85600.0
-118.94,37.13,12.0,2255.0,0.09799833194328607,1006.0,0.07397504456327986,4.1563,94000.0
-119.4,37.09,22.0,2211.0,0.09904086738949125,773.0,0.06372549019607843,3.3269,102700.0
-119.34,37.12,23.0,1881.0,0.07881567973311093,64.0,0.007798573975044563,3.875,125000.0
-119.28,37.11,34.0,1901.0,0.0817347789824854,171.0,0.015819964349376114,3.0729,144600.0
-119.32,37.06,15.0,3111.0,0.1353211009174312,276.0,0.02339572192513369,5.1314,179200.0
-119.43,36.61,19.0,1484.0,0.061301084236864055,1296.0,0.0659536541889483,2.4219,65800.0
-119.44,36.6,5.0,2353.0,0.1263552960800667,2505.0,0.12722816399286987,2.2863,69200.0
-119.44,36.58,37.0,1054.0,0.0817347789824854,879.0,0.056818181818181816,2.5234,63500.0
-119.59,36.57,19.0,1733.0,0.0627606338615513,911.0,0.06216577540106952,3.5987,131700.0
-119.6,36.56,36.0,738.0,0.03461217681401168,737.0,0.040998217468805706,1.4415,54400.0
-119.53,36.55,34.0,2065.0,0.07110091743119266,1041.0,0.06929590017825311,3.2917,111500.0
-119.54,36.52,16.0,2703.0,0.08611342785654712,1106.0,0.08244206773618538,4.2045,120900.0
-119.55,36.51,46.0,1889.0,0.08090075062552127,971.0,0.089349376114082,2.2132,76600.0
-119.56,36.53,19.0,2746.0,0.10279399499582986,1670.0,0.11497326203208556,3.2019,95700.0
-119.77,36.44,26.0,1727.0,0.05984153461217681,802.0,0.057263814616755795,3.2083,75000.0
-119.69,36.46,29.0,1702.0,0.06234361968306922,914.0,0.06194295900178253,2.8125,79200.0
-119.69,36.43,29.0,1799.0,0.07381150959132611,1278.0,0.0857843137254902,1.7813,57900.0
-119.87,36.54,34.0,1370.0,0.05942452043369475,818.0,0.05949197860962567,2.4044,72500.0
-119.86,36.45,19.0,2439.0,0.09591326105087573,1416.0,0.10405525846702317,2.4474,75600.0
-120.08,36.34,18.0,1524.0,0.08590492076730609,2030.0,0.07887700534759358,2.1153,112500.0
-120.1,36.16,17.0,598.0,0.0329441201000834,715.0,0.03208556149732621,2.3295,55000.0
-120.1,36.21,12.0,1462.0,0.07381150959132611,1708.0,0.08132798573975045,1.5086,64700.0
-120.09,36.19,12.0,1923.0,0.11613844870725605,2809.0,0.11876114081996435,1.4191,55100.0
-120.27,36.29,11.0,1337.0,0.08548790658882402,1376.0,0.07040998217468805,2.4398,87500.0
-120.43,36.18,29.0,579.0,0.0237698081734779,218.0,0.02161319073083779,2.1458,104200.0
-120.36,36.14,18.0,1206.0,0.0567139282735613,622.0,0.04790552584670232,1.8264,62000.0
-120.38,36.15,17.0,2279.0,0.09299416180150125,1200.0,0.09313725490196079,2.7461,70000.0
-120.37,36.13,10.0,2522.0,0.11071726438698916,1335.0,0.10940285204991088,3.2639,86400.0
-120.22,36.49,14.0,1508.0,0.0719349457881568,1679.0,0.07642602495543672,2.4786,56000.0
-120.55,36.97,42.0,1766.0,0.07130942452043369,1084.0,0.07152406417112299,2.3295,74400.0
-124.17,40.8,52.0,661.0,0.06547122602168473,392.0,0.05392156862745098,0.957,60000.0
-124.16,40.79,52.0,1264.0,0.05733944954128441,591.0,0.06283422459893048,1.7778,76900.0
-124.16,40.78,50.0,2285.0,0.08361134278565471,837.0,0.07820855614973261,2.5417,85400.0
-124.16,40.77,35.0,2141.0,0.09090909090909091,1053.0,0.0962566844919786,2.8529,85600.0
-124.17,40.75,13.0,2171.0,0.07026688907422853,951.0,0.07820855614973261,4.8516,116100.0
-124.17,40.76,26.0,1776.0,0.07485404503753128,992.0,0.08422459893048129,2.8056,82800.0
-124.15,40.81,50.0,340.0,0.015012510425354461,235.0,0.01804812834224599,1.75,67500.0
-124.06,40.86,34.0,4183.0,0.0817347789824854,1891.0,0.14861853832442068,3.2216,98100.0
-124.05,40.85,31.0,2414.0,0.08882402001668056,1005.0,0.08890374331550802,3.5156,143000.0
-124.09,40.87,44.0,692.0,0.042535446205170975,398.0,0.04656862745098039,1.1576,87500.0
-124.09,40.88,50.0,921.0,0.03857381150959133,420.0,0.04122103386809269,2.2188,105800.0
-124.1,40.9,18.0,4032.0,0.16597164303586323,1948.0,0.17223707664884136,2.7321,92600.0
-123.74,40.66,25.0,2395.0,0.08944954128440367,983.0,0.08311051693404635,3.0469,136000.0
-124.08,40.91,13.0,2522.0,0.14949958298582153,1381.0,0.1394830659536542,1.6667,78800.0
-123.76,41.03,24.0,2386.0,0.11738949124270225,1058.0,0.09180035650623886,2.0644,79800.0
-123.85,41.32,31.0,938.0,0.04920767306088407,425.0,0.03453654188948307,1.0486,36700.0
-123.72,41.09,19.0,1970.0,0.08944954128440367,1166.0,0.0804367201426025,1.8208,50000.0
-123.63,41.11,19.0,1797.0,0.07964970809007506,1033.0,0.07241532976827095,1.4911,59200.0
-123.66,41.3,22.0,1580.0,0.07714762301918265,686.0,0.05837789661319073,1.8065,62700.0
-123.52,41.01,17.0,1564.0,0.07151793160967473,517.0,0.049019607843137254,2.1542,83800.0
-124.08,41.36,29.0,1029.0,0.049416180150125104,509.0,0.04322638146167558,2.0156,62800.0
-124.06,41.13,22.0,3263.0,0.16618015012510426,1384.0,0.12834224598930483,2.4708,119400.0
-124.14,41.06,32.0,1020.0,0.04441201000834028,421.0,0.04367201426024955,3.0208,143400.0
-124.1,41.04,26.0,1633.0,0.07881567973311093,890.0,0.08199643493761141,1.9741,97900.0
-124.01,40.97,21.0,1513.0,0.06609674728940784,943.0,0.06662210338680927,3.5380000000000003,102700.0
-124.0,40.92,29.0,1429.0,0.0817347789824854,672.0,0.058823529411764705,2.9485,98800.0
-124.01,40.89,28.0,1470.0,0.06964136780650543,811.0,0.06951871657754011,2.4559,75600.0
-123.88,40.93,28.0,1272.0,0.05358632193494579,519.0,0.04857397504456328,3.2891,106300.0
-124.16,41.02,23.0,1672.0,0.0798582151793161,1060.0,0.08645276292335116,2.1726,75500.0
-124.08,40.99,18.0,3297.0,0.13761467889908258,1554.0,0.12834224598930483,2.6847,111300.0
-124.16,40.95,20.0,1075.0,0.04420350291909925,529.0,0.04322638146167558,3.1406,96000.0
-124.08,40.94,18.0,1550.0,0.07151793160967473,941.0,0.07419786096256685,2.3147,70100.0
-124.02,40.72,28.0,3513.0,0.1317764804003336,1658.0,0.13279857397504458,3.8095,119900.0
-124.1,40.73,33.0,644.0,0.02648040033361134,334.0,0.026515151515151516,3.9659,111800.0
-124.17,40.74,17.0,2026.0,0.07005838198498748,873.0,0.06929590017825311,4.0357,128900.0
-124.14,40.67,23.0,580.0,0.023978315262718933,320.0,0.023841354723707665,4.2054,130600.0
-124.27,40.69,36.0,2349.0,0.10967472894078399,1194.0,0.10316399286987522,2.5179,79000.0
-124.18,40.62,35.0,952.0,0.03669724770642202,480.0,0.03943850267379679,3.0536,107000.0
-124.16,40.6,39.0,1322.0,0.05859049207673061,642.0,0.06461675579322639,2.4519,85100.0
-124.15,40.59,39.0,1186.0,0.04920767306088407,539.0,0.04679144385026738,2.0938,79600.0
-124.09,40.55,24.0,2978.0,0.11488740617180984,1370.0,0.10650623885918004,2.7644,97300.0
-123.96,40.57,31.0,1854.0,0.07568807339449542,883.0,0.06862745098039216,2.3167,92600.0
-123.73,40.48,25.0,2015.0,0.10884070058381985,746.0,0.05548128342245989,1.7153,77100.0
-124.14,40.58,25.0,1899.0,0.07402001668056714,891.0,0.0786541889483066,2.6987,92500.0
-124.1,40.5,30.0,1927.0,0.08152627189324436,996.0,0.08288770053475936,2.2357,72300.0
-124.09,40.44,38.0,2220.0,0.0884070058381985,1041.0,0.08890374331550802,2.3947,70500.0
-124.1,40.47,52.0,1196.0,0.048790658882402,965.0,0.05860071301247772,3.5345,55000.0
-124.03,40.45,34.0,1006.0,0.04399499582985821,443.0,0.034759358288770054,2.6094,71300.0
-124.23,40.54,52.0,2694.0,0.09403669724770643,1152.0,0.0964795008912656,3.0806,106700.0
-124.25,40.28,32.0,1430.0,0.08694745621351126,434.0,0.04122103386809269,1.9417,76100.0
-124.0,40.22,16.0,2088.0,0.11113427856547123,816.0,0.07219251336898395,1.319,70700.0
-123.68,40.24,31.0,1852.0,0.09382819015846539,917.0,0.07954545454545454,1.725,54300.0
-123.82,40.16,19.0,2283.0,0.1317764804003336,1184.0,0.10049019607843138,1.2227,76800.0
-123.82,40.12,33.0,2985.0,0.12281067556296914,1221.0,0.10784313725490197,2.0869999999999997,82400.0
-123.75,40.11,35.0,2052.0,0.09904086738949125,900.0,0.08912655971479501,1.9625,101500.0
-123.78,40.05,17.0,2019.0,0.10300250208507089,899.0,0.0768716577540107,2.1864,101900.0
-115.52,33.12,38.0,1327.0,0.05421184320266889,784.0,0.05102495543672014,1.8793,60800.0
-115.52,33.13,18.0,1109.0,0.05859049207673061,1006.0,0.055926916221033865,2.1630000000000003,53400.0
-115.46,33.19,33.0,1234.0,0.07735613010842368,777.0,0.0659536541889483,1.0,40000.0
-115.51,33.24,32.0,1995.0,0.10863219349457881,1069.0,0.09090909090909091,1.6552,43300.0
-115.6,33.2,37.0,709.0,0.03857381150959133,390.0,0.031194295900178252,2.4511,72500.0
-115.73,33.09,27.0,452.0,0.021059216013344453,258.0,0.013146167557932263,2.9,87500.0
-115.62,33.04,17.0,1009.0,0.04774812343619683,745.0,0.04790552584670232,2.0463,61200.0
-115.41,32.99,29.0,1141.0,0.045454545454545456,684.0,0.0427807486631016,3.4038,107800.0
-115.59,32.96,17.0,841.0,0.030025020850708923,473.0,0.0338680926916221,3.1979,113500.0
-115.52,32.98,32.0,1615.0,0.07923269391159299,1307.0,0.07642602495543672,1.4583,58600.0
-115.54,32.97,41.0,2429.0,0.09424520433694746,1188.0,0.09536541889483066,3.0091,70800.0
-115.32,32.82,34.0,591.0,0.028565471226021686,327.0,0.019385026737967916,3.6528,100000.0
-115.39,32.76,16.0,1136.0,0.040450375312760634,481.0,0.04077540106951872,6.2558,146300.0
-115.4,32.86,19.0,1087.0,0.035237698081734777,649.0,0.038101604278074866,3.3182,113800.0
-115.37,32.81,23.0,1458.0,0.060884070058381985,866.0,0.060828877005347594,2.3594,74300.0
-115.57,32.85,33.0,1365.0,0.05567139282735613,825.0,0.05525846702317291,3.2396,62300.0
-115.57,32.84,29.0,1207.0,0.06234361968306922,804.0,0.06372549019607843,1.9531,61100.0
-115.57,32.83,31.0,1494.0,0.05984153461217681,959.0,0.06283422459893048,3.5282,67500.0
-115.6,32.87,3.0,1629.0,0.06567973311092577,1005.0,0.06907308377896614,4.1293,83200.0
-115.64,32.8,23.0,1228.0,0.048582151793160964,569.0,0.051916221033868094,3.1667,125000.0
-115.69,32.79,18.0,1564.0,0.07047539616346955,1161.0,0.07598039215686274,2.1792,55200.0
-115.72,32.75,16.0,348.0,0.020225187656380317,123.0,0.011586452762923352,2.0938,87500.0
-115.52,32.77,18.0,1715.0,0.06984987489574646,1166.0,0.07375222816399286,2.2417,79200.0
-115.53,32.73,14.0,1527.0,0.06734778982485405,1453.0,0.07352941176470588,1.735,61200.0
-115.56,32.78,34.0,2856.0,0.11530442035029191,1627.0,0.11586452762923351,3.2083,76200.0
-115.59,32.69,30.0,935.0,0.036488740617180986,649.0,0.03253119429590018,2.5769,94400.0
-115.4,32.7,19.0,583.0,0.023144286905754794,531.0,0.029411764705882353,1.6838,95800.0
-115.49,32.67,25.0,2322.0,0.11905754795663052,2185.0,0.13368983957219252,1.375,70100.0
-115.48,32.68,15.0,3414.0,0.13844870725604672,2097.0,0.13814616755793227,2.3319,91200.0
-116.05,33.33,17.0,290.0,0.019182652210175146,135.0,0.012254901960784314,1.7292,81300.0
-115.88,32.93,15.0,208.0,0.009799833194328608,51.0,0.004010695187165776,4.0208,32500.0
-116.0,32.74,26.0,1134.0,0.057964970809007504,329.0,0.034759358288770054,1.4338,43900.0
-116.01,33.41,20.0,1996.0,0.10696413678065055,659.0,0.06528520499108735,2.8684,62800.0
-115.99,33.4,15.0,1945.0,0.11134278565471226,515.0,0.06038324420677362,2.0109,54300.0
-115.94,33.38,5.0,186.0,0.008548790658882402,41.0,0.004233511586452763,2.7,58800.0
-115.98,33.32,8.0,240.0,0.009174311926605505,63.0,0.004901960784313725,1.4688,53800.0
-115.91,33.36,15.0,459.0,0.01939115929941618,160.0,0.015819964349376114,0.922,67500.0
-115.9,33.34,19.0,1210.0,0.05129274395329441,329.0,0.03409090909090909,1.7857,62800.0
-115.96,33.3,27.0,322.0,0.0164720600500417,112.0,0.012254901960784314,1.125,54400.0
-115.95,33.28,12.0,99.0,0.0047956630525437865,37.0,0.0033422459893048127,1.8958,53800.0
-115.8,33.26,2.0,96.0,0.003336113427856547,30.0,0.0031194295900178253,5.3374,47500.0
-114.73,33.43,24.0,796.0,0.05025020850708924,227.0,0.03052584670231729,0.8964,59200.0
-114.98,33.07,18.0,1183.0,0.07527105921601335,374.0,0.02785204991087344,3.1607,57500.0
-115.73,33.35,23.0,1586.0,0.09299416180150125,338.0,0.040106951871657755,1.2132,30000.0
-118.18,37.35,16.0,3806.0,0.1651376146788991,1501.0,0.1586452762923351,2.1212,108300.0
-118.43,37.4,19.0,2460.0,0.08402835696413678,1225.0,0.09425133689839572,4.1576,141500.0
-118.6,37.39,19.0,2682.0,0.10758965804837364,1134.0,0.08845811051693404,3.2132,166000.0
-118.45,37.37,26.0,3135.0,0.10884070058381985,1385.0,0.1160873440285205,4.337,139700.0
-118.42,37.36,18.0,2281.0,0.10800667222685571,1425.0,0.10316399286987522,1.7388,54400.0
-118.3,37.17,22.0,3480.0,0.13990825688073394,1541.0,0.1412655971479501,2.75,94500.0
-117.9,36.95,19.0,99.0,0.0050041701417848205,51.0,0.004456327985739751,1.7292,137500.0
-117.02,36.4,19.0,619.0,0.049416180150125104,490.0,0.03609625668449198,2.1,14999.0
-116.22,36.0,14.0,1372.0,0.08006672226855713,436.0,0.047014260249554365,1.1471,32900.0
-119.02,35.42,42.0,2271.0,0.0950792326939116,1124.0,0.09915329768270945,2.7583,64900.0
-119.03,35.45,14.0,3520.0,0.1255212677231026,1748.0,0.12923351158645277,4.3162,87100.0
-119.05,35.44,5.0,2133.0,0.10112593828190158,1182.0,0.09714795008912656,3.0268,77000.0
-119.02,35.43,39.0,2033.0,0.07673060884070058,956.0,0.0840017825311943,3.1736,70700.0
-119.03,35.41,41.0,1808.0,0.0902835696413678,1005.0,0.08266488413547238,1.7857,54300.0
-119.03,35.4,35.0,2608.0,0.12885738115095913,1566.0,0.12945632798573975,2.1818,63500.0
-119.08,35.39,10.0,6435.0,0.21643035863219348,3242.0,0.22905525846702318,5.575,132200.0
-119.01,35.38,36.0,790.0,0.04628857381150959,426.0,0.04590017825311943,1.4427,50600.0
-118.87,35.37,14.0,2458.0,0.08986655546288574,1352.0,0.09113190730837789,3.5441,87000.0
-118.88,35.34,20.0,1351.0,0.052752293577981654,762.0,0.055926916221033865,2.1111,105300.0
-119.04,35.36,36.0,1942.0,0.08590492076730609,1051.0,0.09113190730837789,1.8362,66900.0
-119.0,35.35,35.0,1164.0,0.05733944954128441,992.0,0.06283422459893048,1.4015,48700.0
-118.95,35.32,29.0,3480.0,0.1263552960800667,2007.0,0.12009803921568628,3.2738,78700.0
-118.99,35.33,36.0,1590.0,0.07610508757297749,1311.0,0.08645276292335116,1.6786,52900.0
-118.99,35.3,33.0,2248.0,0.09007506255212677,1461.0,0.08979500891265597,2.9402,56200.0
-119.0,35.31,37.0,1337.0,0.05692243536280234,767.0,0.06038324420677362,1.6522,53300.0
-119.07,35.27,25.0,3081.0,0.13198498748957466,1830.0,0.13123885918003564,2.5804,97900.0
-119.13,35.22,5.0,6268.0,0.20871559633027523,3269.0,0.2179144385026738,5.1457,118200.0
-119.01,35.24,6.0,80.0,0.0029190992493744786,66.0,0.004233511586452763,3.125,65000.0
-119.01,35.28,10.0,7011.0,0.30254378648874064,4163.0,0.2907754010695187,2.7659,77500.0
-118.93,34.82,24.0,806.0,0.03461217681401168,323.0,0.029857397504456328,3.5,113900.0
-118.95,34.83,18.0,3278.0,0.15846538782318598,1338.0,0.12210338680926916,2.9891,116500.0
-118.95,34.81,30.0,2817.0,0.1255212677231026,1089.0,0.09135472370766488,3.1364,123500.0
-119.16,34.95,14.0,4054.0,0.16367806505421184,1581.0,0.1285650623885918,3.0882,148200.0
-119.4,35.06,21.0,2213.0,0.0950792326939116,1250.0,0.09759358288770054,2.9187,52100.0
-119.45,35.07,45.0,973.0,0.03773978315262719,500.0,0.03899286987522282,2.6389,30000.0
-119.42,35.19,26.0,890.0,0.03544620517097581,483.0,0.0374331550802139,4.15,68200.0
-119.48,35.17,36.0,116.0,0.0037531276063386154,39.0,0.0035650623885918,3.125,37500.0
-119.45,35.16,34.0,3437.0,0.14470391993327772,1783.0,0.13502673796791445,2.3912,52900.0
-119.46,35.14,30.0,2943.0,0.0817347789824854,1565.0,0.12967914438502673,2.5313,45800.0
-119.45,35.15,33.0,5050.0,0.2005838198498749,2293.0,0.20432263814616755,3.1592,75400.0
-119.45,35.13,34.0,1440.0,0.0640116763969975,808.0,0.06506238859180036,2.3013,26600.0
-119.18,35.5,36.0,1253.0,0.05358632193494579,932.0,0.05503565062388592,2.1635,110400.0
-119.28,35.52,36.0,786.0,0.040033361134278564,573.0,0.029411764705882353,2.2321,37500.0
-119.27,35.49,39.0,2649.0,0.1188490408673895,1815.0,0.1214349376114082,2.3533,65400.0
-119.27,35.51,28.0,1089.0,0.036905754795663055,544.0,0.04188948306595366,3.2279,95800.0
-119.34,35.6,16.0,1584.0,0.0640116763969975,1011.0,0.059269162210338684,2.4961,58800.0
-119.36,35.55,29.0,510.0,0.017097581317764805,236.0,0.015819964349376114,2.7,125000.0
-119.35,35.58,13.0,1657.0,0.0750625521267723,1186.0,0.08333333333333333,1.1903,63200.0
-119.34,35.59,33.0,3240.0,0.1359466221851543,1809.0,0.13680926916221034,2.3934,71900.0
-119.69,35.62,18.0,820.0,0.049416180150125104,1345.0,0.04567736185383244,2.1186,47500.0
-119.77,35.65,21.0,2403.0,0.10029190992493744,1647.0,0.09202317290552585,2.6066,80000.0
-119.14,35.76,30.0,735.0,0.028148457047539616,421.0,0.024732620320855617,2.5625,156300.0
-119.19,35.64,29.0,1476.0,0.045454545454545456,902.0,0.04523172905525847,2.6726,83300.0
-119.24,35.68,21.0,1885.0,0.08256880733944955,1539.0,0.08600713012477719,2.5208,58500.0
-119.24,35.67,32.0,3216.0,0.1559633027522936,2639.0,0.15753119429590018,2.0025,54700.0
-119.25,35.78,27.0,1513.0,0.07089241034195162,1346.0,0.07152406417112299,2.7411,59800.0
-119.25,35.77,35.0,1618.0,0.07839866555462886,1449.0,0.08823529411764706,1.6786,56500.0
-119.25,35.75,36.0,1598.0,0.09195162635529608,1658.0,0.09246880570409982,1.517,52100.0
-119.25,35.79,8.0,3271.0,0.16576313594662218,2700.0,0.15285204991087345,1.7418,62200.0
-119.23,35.74,16.0,2275.0,0.13698915763135946,1914.0,0.13636363636363635,2.033,68400.0
-118.92,35.47,6.0,1755.0,0.057964970809007504,664.0,0.05614973262032086,6.2885,216400.0
-118.47,35.72,18.0,4754.0,0.22372810675562968,1366.0,0.1532976827094474,2.0694,81200.0
-118.5,35.7,18.0,3303.0,0.16930775646371976,986.0,0.11586452762923351,1.5957,101400.0
-118.23,35.48,17.0,2354.0,0.1067556296914095,775.0,0.08422459893048129,1.8369,59400.0
-118.41,35.63,15.0,5907.0,0.2616763969974979,2310.0,0.22259358288770054,2.3125,96900.0
-118.48,35.61,17.0,4002.0,0.19349457881567975,1614.0,0.16243315508021391,1.6236,67300.0
-117.73,35.73,35.0,2916.0,0.12343619683069225,1870.0,0.09581105169340463,3.625,55000.0
-117.84,35.54,11.0,1751.0,0.06547122602168473,765.0,0.06550802139037433,5.0762,98000.0
-118.0,35.05,21.0,1739.0,0.08819849874895747,945.0,0.08021390374331551,3.4015,86500.0
-117.82,35.03,30.0,2555.0,0.10592160133444536,1347.0,0.1036096256684492,3.3693,71800.0
-117.79,35.21,4.0,2.0,0.0,6.0,0.0,2.375,137500.0
-118.01,35.12,15.0,1926.0,0.07485404503753128,917.0,0.06996434937611408,3.3889,68500.0
-117.95,35.08,1.0,83.0,0.0027105921601334446,32.0,0.002896613190730838,4.875,141700.0
-117.98,35.1,4.0,923.0,0.03419516263552961,352.0,0.029634581105169342,4.5724,84500.0
-118.27,34.92,20.0,873.0,0.036071726438698916,422.0,0.03498217468805704,2.9583,91700.0
-118.34,34.86,11.0,7353.0,0.3085904920767306,3571.0,0.2909982174688057,2.8097,130000.0
-117.68,34.99,33.0,1589.0,0.06359466221851542,853.0,0.06016042780748663,4.2292,64400.0
-117.65,35.0,36.0,1184.0,0.06547122602168473,672.0,0.05325311942959002,1.9107,39800.0
-118.17,34.87,9.0,1507.0,0.06067556296914095,761.0,0.06149732620320856,3.0184,87900.0
-118.15,35.04,29.0,1671.0,0.07631359466221851,821.0,0.07464349376114082,2.16,56800.0
-118.66,35.2,7.0,9664.0,0.3523769808173478,3617.0,0.3048128342245989,4.0581,162900.0
-118.95,35.26,24.0,1341.0,0.04420350291909925,667.0,0.04055258467023173,4.0,94500.0
-118.85,35.23,26.0,1639.0,0.07297748123436197,1222.0,0.0875668449197861,1.7656,68000.0
-119.69,36.41,38.0,1016.0,0.041701417848206836,540.0,0.04122103386809269,2.2885,75000.0
-119.55,36.37,26.0,1912.0,0.07026688907422853,1002.0,0.06885026737967914,3.0375,126300.0
-119.69,36.38,25.0,1688.0,0.06255212677231026,879.0,0.061274509803921566,3.3214,103100.0
-119.93,36.32,25.0,8363.0,0.34070058381984986,7679.0,0.3516042780748663,2.0285,106300.0
-119.78,36.31,14.0,1287.0,0.06025854879065888,737.0,0.05949197860962567,3.1667,126400.0
-119.77,36.3,24.0,2202.0,0.09778982485404504,1052.0,0.09737076648841354,2.1038,62000.0
-119.78,36.33,16.0,1006.0,0.043786488740617184,515.0,0.04411764705882353,3.2386,112500.0
-119.78,36.27,29.0,1871.0,0.0652627189324437,1066.0,0.06840463458110517,4.5714,100800.0
-119.81,36.28,24.0,544.0,0.022935779816513763,442.0,0.023172905525846704,3.1071,56100.0
-119.67,36.35,10.0,1090.0,0.03377814845704754,470.0,0.034759358288770054,4.9432,118800.0
-119.64,36.36,13.0,2360.0,0.07047539616346955,1055.0,0.06907308377896614,5.2134,97400.0
-119.69,36.25,35.0,2011.0,0.07235195996663886,970.0,0.06639928698752229,2.395,94100.0
-119.59,36.11,32.0,752.0,0.032735613010842365,524.0,0.03409090909090909,2.25,50000.0
-119.57,36.09,6.0,2015.0,0.08569641367806505,992.0,0.07063279857397504,2.3889,53200.0
-119.58,36.1,21.0,1382.0,0.06776480400333611,1469.0,0.0786541889483066,1.3967,46500.0
-119.56,36.08,37.0,766.0,0.0389908256880734,639.0,0.04188948306595366,1.6607,42100.0
-119.9,36.2,43.0,187.0,0.007506255212677231,106.0,0.008467023172905526,1.875,137500.0
-119.96,35.99,25.0,1047.0,0.05587989991659716,1505.0,0.06327985739750445,2.0976,47700.0
-119.8,36.02,20.0,156.0,0.007714762301918266,171.0,0.007798573975044563,3.05,225000.0
-120.14,36.04,27.0,2533.0,0.10758965804837364,1371.0,0.10227272727272728,2.9708,60900.0
-120.12,36.01,18.0,1165.0,0.06922435362802336,1119.0,0.06818181818181818,2.2167,48500.0
-120.13,35.87,26.0,48.0,0.0012510425354462051,13.0,0.001336898395721925,2.375,71300.0
-120.0,35.91,16.0,259.0,0.010633861551292744,131.0,0.008021390374331552,3.125,62500.0
-122.9,39.23,39.0,1295.0,0.04962468723936614,534.0,0.03943850267379679,3.9519,98900.0
-122.91,39.18,43.0,89.0,0.003336113427856547,86.0,0.005570409982174688,2.0208,72500.0
-122.91,39.17,44.0,202.0,0.008340283569641367,142.0,0.008244206773618538,4.35,68300.0
-122.88,39.14,20.0,1125.0,0.04774812343619683,521.0,0.04322638146167558,2.2188,106300.0
-123.07,39.12,24.0,1098.0,0.03982485404503753,353.0,0.031862745098039214,3.8333,92600.0
-122.89,39.11,10.0,1588.0,0.06901584653878232,585.0,0.05614973262032086,2.2551,71100.0
-122.9,39.09,15.0,2483.0,0.11301084236864054,835.0,0.08422459893048129,1.9141,143200.0
-122.92,39.08,24.0,341.0,0.01292743953294412,146.0,0.012254901960784314,4.0,166300.0
-122.99,39.02,14.0,1582.0,0.06234361968306922,851.0,0.06038324420677362,3.45,164100.0
-122.91,39.07,21.0,2202.0,0.10050041701417849,1000.0,0.08444741532976827,2.4423,102300.0
-122.92,39.05,16.0,1548.0,0.06109257714762302,605.0,0.05525846702317291,3.5652,119000.0
-122.68,38.98,27.0,2300.0,0.10550458715596331,526.0,0.05614973262032086,2.1838,109700.0
-122.65,38.97,32.0,1856.0,0.09799833194328607,703.0,0.06461675579322639,1.1912,60000.0
-122.5,38.82,12.0,2394.0,0.09195162635529608,877.0,0.07553475935828877,2.5625,109200.0
-122.59,38.78,15.0,764.0,0.02981651376146789,366.0,0.03141711229946524,3.375,103100.0
-121.11,41.07,26.0,1707.0,0.06380316930775647,761.0,0.05525846702317291,2.7188,48100.0
-120.96,41.12,29.0,779.0,0.02793994995829858,364.0,0.02696078431372549,2.5,59200.0
-120.38,40.98,27.0,777.0,0.03815679733110926,318.0,0.02517825311942959,1.6833,40000.0
-120.35,40.63,33.0,240.0,0.009799833194328608,63.0,0.004456327985739751,3.625,200000.0
-120.77,40.65,11.0,2635.0,0.13865721434528774,280.0,0.028966131907308377,1.7214,118300.0
-121.02,40.51,17.0,890.0,0.034403669724770644,406.0,0.0338680926916221,3.3036,78300.0
-121.03,40.35,52.0,5486.0,0.21726438698915762,1977.0,0.16755793226381463,2.1833,49500.0
-120.57,40.43,15.0,2045.0,0.09570475396163469,1121.0,0.08912655971479501,2.6902,71500.0
-120.66,40.42,35.0,1450.0,0.06734778982485405,717.0,0.06573083778966132,2.5074,66400.0
-120.66,40.41,52.0,2081.0,0.09924937447873228,1051.0,0.0929144385026738,2.2992,70200.0
-120.71,40.36,19.0,4462.0,0.17222685571309423,2229.0,0.17268270944741532,3.5536,105700.0
-120.58,40.37,16.0,3412.0,0.13865721434528774,1873.0,0.13101604278074866,2.2661,61800.0
-120.42,40.38,26.0,1652.0,0.06484570475396163,762.0,0.06194295900178253,2.4757,85600.0
-120.54,40.29,17.0,3391.0,0.12948290241868224,1529.0,0.1267825311942959,3.4028,91000.0
-120.49,40.31,16.0,1821.0,0.07464553794829024,969.0,0.07954545454545454,3.4643,85100.0
-120.37,40.17,21.0,789.0,0.028982485404503752,406.0,0.03208556149732621,2.1198,73500.0
-120.2,40.26,26.0,2399.0,0.10758965804837364,1037.0,0.0982620320855615,2.6765,47600.0
-120.09,39.92,19.0,2335.0,0.10758965804837364,1028.0,0.08489304812834225,1.7267,60700.0
-118.27,34.27,27.0,5205.0,0.1786905754795663,2363.0,0.19741532976827095,6.1946,276100.0
-118.28,34.26,32.0,1079.0,0.04274395329441201,486.0,0.03676470588235294,4.9833,213000.0
-118.28,34.25,35.0,2045.0,0.09341117597998332,1166.0,0.09024064171122995,3.5214,197600.0
-118.27,34.24,30.0,2180.0,0.07652210175145956,1050.0,0.08645276292335116,6.3688,277600.0
-118.35,34.22,19.0,9259.0,0.34424520433694744,3963.0,0.3549465240641711,5.997000000000001,228700.0
-118.35,34.21,39.0,1470.0,0.0646371976647206,1047.0,0.06283422459893048,3.275,181400.0
-118.31,34.28,34.0,3258.0,0.1267723102585488,1810.0,0.14059714795008912,5.1145,219900.0
-118.41,34.29,35.0,1008.0,0.042118432026688905,1162.0,0.047459893048128345,3.35,147600.0
-118.43,34.32,34.0,2657.0,0.10696413678065055,1948.0,0.11809269162210338,4.2330000000000005,157400.0
-118.43,34.33,18.0,5891.0,0.19140950792326938,2882.0,0.20254010695187166,5.901,235600.0
-118.42,34.31,19.0,6755.0,0.30045871559633025,4205.0,0.3103832442067736,3.9583,163200.0
-118.42,34.3,29.0,3334.0,0.14804003336113428,2919.0,0.15953654188948307,3.6548,180300.0
-118.66,34.23,18.0,897.0,0.029190992493744787,263.0,0.02406417112299465,6.1288,350000.0
-118.42,34.2,34.0,161.0,0.009591326105087573,66.0,0.006907308377896613,1.0,187500.0
-118.36,34.19,11.0,2921.0,0.14241034195162636,1512.0,0.14750445632798573,4.1445,176400.0
-118.36,34.18,34.0,1471.0,0.0877814845704754,995.0,0.0855614973262032,2.9583,188700.0
-118.4,34.17,27.0,3588.0,0.18953294412010008,1891.0,0.19362745098039216,3.4013,286000.0
-118.4,34.16,45.0,1176.0,0.05170975813177648,471.0,0.05035650623885918,2.3333,364700.0
-118.42,34.15,27.0,2795.0,0.12510425354462051,1073.0,0.11876114081996435,5.1496,365000.0
-118.59,34.14,19.0,1303.0,0.03190158465387823,450.0,0.031862745098039214,10.5511,483100.0
-118.49,34.13,24.0,4394.0,0.0817347789824854,1443.0,0.11720142602495544,11.2979,500001.0
-118.34,34.12,41.0,3257.0,0.14115929941618016,1237.0,0.14171122994652408,4.2415,409600.0
-118.2,34.11,52.0,678.0,0.035654712260216846,791.0,0.040998217468805706,4.0625,171300.0
-118.19,34.1,42.0,1577.0,0.07860717264386989,1317.0,0.08377896613190731,3.2121,153900.0
-118.21,34.09,34.0,1660.0,0.08548790658882402,1678.0,0.08467023172905526,2.7708,148200.0
-118.34,34.08,50.0,3457.0,0.17764804003336113,1584.0,0.18694295900178254,3.1078,346700.0
-118.26,34.07,36.0,2306.0,0.16909924937447873,2823.0,0.17000891265597148,2.0214,170500.0
-118.25,34.06,20.0,41.0,0.003127606338615513,87.0,0.005124777183600713,1.5491,225000.0
-118.2,34.05,8.0,762.0,0.042118432026688905,728.0,0.03832442067736185,2.4886,137500.0
-118.19,34.04,45.0,963.0,0.04837364470391994,1194.0,0.052807486631016046,2.1806,134900.0
-118.19,34.03,52.0,1053.0,0.05087572977481234,1036.0,0.05503565062388592,2.1071,136700.0
-118.2,34.02,49.0,1098.0,0.06567973311092577,1411.0,0.06662210338680927,2.75,146000.0
-118.25,34.01,28.0,481.0,0.02793994995829858,596.0,0.02807486631016043,1.2396,90300.0
-118.27,34.0,46.0,1748.0,0.08882402001668056,1707.0,0.09068627450980392,2.148,103800.0
-118.24,33.99,44.0,448.0,0.0237698081734779,504.0,0.02094474153297683,1.875,98600.0
-118.32,33.98,47.0,949.0,0.043369474562135114,574.0,0.04790552584670232,2.175,114700.0
-118.32,33.97,52.0,1778.0,0.06630525437864887,795.0,0.061720142602495545,3.5114,138800.0
-118.31,33.94,41.0,1353.0,0.05921601334445371,751.0,0.05525846702317291,2.7401,131700.0
-118.3,33.95,50.0,1843.0,0.06755629691409508,892.0,0.06951871657754011,3.1346,120000.0
-118.31,33.96,43.0,2118.0,0.11822351959966639,1266.0,0.11096256684491979,1.747,121000.0
-118.26,33.93,35.0,1562.0,0.08361134278565471,1587.0,0.09001782531194295,1.4917,93200.0
-118.26,33.92,40.0,1076.0,0.05045871559633028,705.0,0.056372549019607844,1.7986,98900.0
-118.28,33.91,41.0,620.0,0.02731442869057548,642.0,0.035650623885918005,2.6546,159600.0
-118.29,33.9,42.0,1273.0,0.0640116763969975,1203.0,0.07709447415329768,4.4636,162000.0
-118.28,33.88,19.0,2758.0,0.14032527105921602,2047.0,0.13123885918003564,2.6618,179700.0
-118.29,33.89,35.0,2810.0,0.12760633861551293,1578.0,0.1334670231729055,3.59,200600.0
-118.29,33.87,32.0,1700.0,0.07047539616346955,864.0,0.07018716577540107,4.381,238700.0
-118.3,33.86,35.0,2016.0,0.07568807339449542,1083.0,0.08177361853832442,5.1727,230200.0
-118.29,33.85,10.0,1391.0,0.0871559633027523,1378.0,0.08355614973262032,1.9049,222200.0
-118.31,33.84,5.0,3559.0,0.18077564637197666,2965.0,0.17647058823529413,2.6491,216700.0
-118.3,33.83,31.0,2693.0,0.13740617180984152,1598.0,0.13725490196078433,3.1851,240200.0
-118.3,33.82,35.0,1499.0,0.07047539616346955,1141.0,0.07219251336898395,2.6136,213600.0
-118.3,33.81,17.0,5544.0,0.22226855713094246,3008.0,0.23083778966131907,5.322,282700.0
-118.3,33.8,27.0,2790.0,0.10654712260216848,1498.0,0.11519607843137254,5.3106,268300.0
-118.3,33.79,35.0,2793.0,0.14261884904086738,2255.0,0.15151515151515152,3.0057,235300.0
-118.3,33.78,35.0,2572.0,0.10467055879899917,1172.0,0.11519607843137254,4.6207,304100.0
-118.26,33.77,36.0,886.0,0.052335279399499585,809.0,0.04835115864527629,2.4545,164200.0
-118.27,33.76,46.0,22.0,0.0018765638031693077,32.0,0.0011140819964349377,3.125,112500.0
-118.28,33.75,41.0,1305.0,0.07902418682235196,1384.0,0.08177361853832442,2.45,186800.0
-118.28,33.74,40.0,1751.0,0.10633861551292743,1939.0,0.11163101604278075,1.5394,200000.0
-118.29,33.73,43.0,1854.0,0.10779816513761468,1151.0,0.10784313725490197,2.5759,225000.0
-118.29,33.72,25.0,2469.0,0.1213511259382819,1253.0,0.11876114081996435,3.1932,257500.0
-118.33,33.69,41.0,2168.0,0.07402001668056714,1171.0,0.08288770053475936,4.7216,311900.0
-118.29,33.71,36.0,3135.0,0.15512927439532945,1815.0,0.15485739750445632,3.7596,300000.0
-118.31,33.67,42.0,1297.0,0.05087572977481234,611.0,0.053475935828877004,5.3074,401900.0
-118.28,33.68,8.0,2842.0,0.10842368640533778,1624.0,0.11319073083778966,3.7282,287500.0
-117.76,34.71,15.0,2981.0,0.1298999165971643,1694.0,0.11987522281639929,2.9541,106700.0
-117.84,34.63,5.0,6739.0,0.26042535446205173,4614.0,0.2816399286987522,4.002,115100.0
-117.78,34.58,6.0,10263.0,0.38824020016680566,6163.0,0.3963903743315508,3.8803,120000.0
-118.09,34.74,34.0,1218.0,0.05900750625521268,797.0,0.05481283422459893,2.4348,104800.0
-118.09,34.68,4.0,23386.0,0.8692660550458715,10493.0,0.8175133689839572,4.0211,144000.0
-118.12,34.69,17.0,2479.0,0.08090075062552127,1219.0,0.0804367201426025,4.6417,125700.0
-118.1,34.65,33.0,873.0,0.036488740617180986,425.0,0.031194295900178252,2.67,187500.0
-118.1,34.7,5.0,10356.0,0.3429941618015013,4562.0,0.3175133689839572,4.9806,141100.0
-118.15,34.67,5.0,12317.0,0.6153044203502919,6291.0,0.5909090909090909,3.5732,146900.0
-118.14,34.72,15.0,2181.0,0.07485404503753128,1057.0,0.06639928698752229,4.625,118100.0
-118.28,34.76,19.0,3430.0,0.12489574645537949,1817.0,0.1267825311942959,4.7875,163600.0
-118.19,34.77,16.0,2035.0,0.07673060884070058,704.0,0.07308377896613191,2.1979,146400.0
-118.17,34.66,9.0,1561.0,0.052335279399499585,731.0,0.051470588235294115,5.7049,173200.0
-118.32,34.62,31.0,1398.0,0.05650542118432027,884.0,0.0661764705882353,4.8409,264900.0
-118.61,34.73,25.0,3080.0,0.121976647206005,1558.0,0.11319073083778966,5.0839,156700.0
-117.92,34.59,7.0,681.0,0.025646371976647205,485.0,0.022727272727272728,2.7396,125600.0
-117.93,34.57,5.0,5613.0,0.22060050041701418,3569.0,0.22214795008912655,3.1946,132700.0
-117.9,34.53,8.0,3484.0,0.13448707256046705,2169.0,0.1374777183600713,3.9766,135800.0
-118.17,34.61,7.0,2465.0,0.06964136780650543,978.0,0.07352941176470588,7.1381,292200.0
-118.16,34.6,2.0,11008.0,0.3225604670558799,4098.0,0.30414438502673796,6.4865,204400.0
-118.21,34.56,12.0,2472.0,0.08465387823185988,1048.0,0.08422459893048129,4.7097,262100.0
-118.21,34.64,16.0,2573.0,0.08861551292743954,1273.0,0.0944741532976827,5.9508,181100.0
-118.01,34.55,2.0,2701.0,0.11009174311926606,1368.0,0.09536541889483066,4.071000000000001,137400.0
-118.07,34.51,14.0,2798.0,0.09528773978315262,1236.0,0.08957219251336898,4.8667,239900.0
-118.37,34.43,11.0,17339.0,0.5971643035863219,8721.0,0.6241087344028521,5.9507,225200.0
-118.4,34.41,22.0,4443.0,0.11634695579649708,1573.0,0.11007130124777184,10.0285,500001.0
-118.35,34.52,14.0,3490.0,0.12301918265221018,1710.0,0.12878787878787878,5.9171,333300.0
-118.26,34.5,6.0,5813.0,0.188907422852377,2275.0,0.17557932263814616,4.7778,340400.0
-118.27,34.46,10.0,2184.0,0.08402835696413678,1119.0,0.08199643493761141,4.7437,294000.0
-118.13,34.44,10.0,2726.0,0.09653878231859883,1773.0,0.10182709447415329,4.8295,319100.0
-117.89,34.49,12.0,3449.0,0.12427022518765637,1502.0,0.11987522281639929,3.7043,150800.0
-117.96,34.48,32.0,1896.0,0.07089241034195162,806.0,0.0661764705882353,4.5769,159400.0
-117.79,34.45,18.0,2986.0,0.12406171809841535,1355.0,0.10472370766488413,3.2765,165000.0
-118.46,34.4,12.0,25957.0,1.0,10475.0,1.0,4.542,195300.0
-118.48,34.47,36.0,84.0,0.002085070892410342,29.0,0.0033422459893048127,3.375,187500.0
-118.46,34.42,25.0,2988.0,0.10904920767306088,1884.0,0.11385918003565063,4.7007,169500.0
-118.52,34.39,21.0,5477.0,0.2654295246038365,3384.0,0.2718360071301248,3.6625,228100.0
-118.53,34.38,18.0,2288.0,0.12614678899082568,2305.0,0.13257575757575757,3.227,136100.0
-118.53,34.37,8.0,3839.0,0.17723102585487907,1342.0,0.13168449197860962,3.9118,333700.0
-118.52,34.36,5.0,4222.0,0.14804003336113428,2024.0,0.14349376114081996,5.8703,500001.0
-119.53,37.34,26.0,4047.0,0.14595496246872394,571.0,0.04389483065953654,2.3482,179500.0
-119.51,37.32,14.0,362.0,0.0158465387823186,88.0,0.008244206773618538,3.5893,214300.0
-119.56,37.29,14.0,2391.0,0.09361968306922436,798.0,0.06818181818181818,3.0924,114600.0
-119.45,37.21,17.0,3538.0,0.15095913261050875,1603.0,0.13970588235294118,2.9449,95600.0
-119.72,37.38,16.0,2131.0,0.08798999165971642,989.0,0.08177361853832442,2.6071,103700.0
-119.64,37.31,15.0,2654.0,0.11009174311926606,1267.0,0.10851158645276292,2.8393,104400.0
-119.62,37.33,7.0,3389.0,0.12906588824020016,1268.0,0.1051693404634581,3.0224,147800.0
-119.91,37.23,17.0,2171.0,0.08069224353628024,1042.0,0.08311051693404635,3.625,94400.0
-119.68,37.19,10.0,3113.0,0.12239366138448707,1508.0,0.11363636363636363,2.8167,96100.0
-119.67,37.27,13.0,5087.0,0.20412844036697247,2284.0,0.20298573975044562,2.7413,123100.0
-120.35,37.04,37.0,1495.0,0.060467055879899916,858.0,0.060828877005347594,2.9306,46300.0
-120.43,36.99,16.0,1027.0,0.04107589658048374,673.0,0.042557932263814616,2.9688,63800.0
-120.04,36.93,11.0,3606.0,0.14532944120100083,2074.0,0.14304812834224598,2.6941,63300.0
-120.21,36.98,21.0,1667.0,0.0627606338615513,861.0,0.06105169340463458,2.6012,92200.0
-120.16,36.96,18.0,508.0,0.021267723102585488,393.0,0.024955436720142603,3.0,156300.0
-119.98,36.9,26.0,1284.0,0.049416180150125104,820.0,0.05614973262032086,2.5833,62300.0
-119.81,36.92,14.0,4795.0,0.14762301918265222,2047.0,0.14215686274509803,4.665,121300.0
-122.49,38.1,43.0,1226.0,0.05045871559633028,491.0,0.04523172905525847,4.9286,307000.0
-122.54,38.14,16.0,4431.0,0.12531276063386154,1659.0,0.13992869875222816,7.5412,392100.0
-122.59,38.13,20.0,1589.0,0.04774812343619683,601.0,0.04946524064171123,5.3755,290900.0
-122.58,38.08,27.0,10839.0,0.3409090909090909,4406.0,0.3611853832442068,5.615,285600.0
-122.8,38.18,36.0,2378.0,0.09883236030025021,957.0,0.08021390374331551,3.625,253100.0
-119.98,37.43,12.0,2776.0,0.12301918265221018,1236.0,0.10851158645276292,2.5551,105000.0
-119.72,37.46,13.0,1999.0,0.07777314428690575,750.0,0.06818181818181818,2.875,96000.0
-123.24,39.81,25.0,1435.0,0.06296914095079233,746.0,0.057263814616755795,1.7788,57900.0
-123.5,39.67,22.0,2124.0,0.09341117597998332,1122.0,0.09893048128342247,2.1793,71500.0
-123.84,39.46,47.0,1150.0,0.05045871559633028,552.0,0.04434046345811052,2.5192,110400.0
-123.18,39.26,25.0,3066.0,0.11843202668890743,1558.0,0.11876114081996435,3.788,134200.0
-123.22,39.28,16.0,5569.0,0.23019182652210174,3148.0,0.24197860962566844,3.1455,142900.0
-123.21,39.2,17.0,3145.0,0.14407839866555464,1560.0,0.14371657754010694,2.2926,149300.0
-123.22,39.16,32.0,1149.0,0.03857381150959133,499.0,0.04590017825311943,3.6587,154600.0
-120.75,37.44,27.0,2295.0,0.08798999165971642,1252.0,0.07754010695187166,3.6182,123200.0
-120.77,37.42,27.0,949.0,0.04628857381150959,888.0,0.05325311942959002,2.3333,72800.0
-120.79,37.41,35.0,2436.0,0.09674728940783987,1730.0,0.10405525846702317,2.2071,85900.0
-120.64,37.2,16.0,2236.0,0.09090909090909091,1361.0,0.08712121212121213,2.0066,125000.0
-120.49,37.26,28.0,2159.0,0.08632193494578816,1283.0,0.08377896613190731,1.8939,83000.0
-120.41,37.16,21.0,1684.0,0.0706839032527106,1052.0,0.06907308377896614,2.0809,95800.0
-120.48,37.3,49.0,2919.0,0.14949958298582153,1956.0,0.15084670231729055,1.5427,88500.0
-120.47,37.28,19.0,1548.0,0.06609674728940784,1227.0,0.06840463458110517,1.7756,73300.0
-121.06,37.18,30.0,2603.0,0.10529608006672227,1491.0,0.10494652406417113,3.0909,123400.0
-120.77,37.01,28.0,1689.0,0.07839866555462886,1057.0,0.05904634581105169,3.125,156300.0
-120.85,37.08,3.0,3425.0,0.12698081734778982,1588.0,0.10182709447415329,4.1779,147800.0
-120.85,37.07,16.0,1795.0,0.0750625521267723,1642.0,0.07531194295900179,2.5363,86300.0
-120.87,37.05,29.0,4176.0,0.16201000834028356,2092.0,0.1646613190730838,2.595,104200.0
-120.61,37.03,34.0,1841.0,0.07339449541284404,1019.0,0.07887700534759358,1.7841,67500.0
-121.18,41.31,22.0,2124.0,0.0896580483736447,829.0,0.06929590017825311,2.4519,57500.0
-120.51,41.35,16.0,2843.0,0.11718098415346122,892.0,0.0855614973262032,2.5074,69100.0
-120.48,41.82,20.0,1367.0,0.058798999165971644,429.0,0.03988413547237077,2.0227,47500.0
-120.08,41.79,34.0,1355.0,0.05421184320266889,434.0,0.0392156862745098,2.0903,56100.0
-120.12,41.4,33.0,2820.0,0.10696413678065055,976.0,0.089349376114082,2.6062,52600.0
-120.55,41.61,22.0,9047.0,0.3813594662218515,4276.0,0.3609625668449198,2.0802,47900.0
-121.61,36.67,39.0,3260.0,0.170767306088407,3130.0,0.17624777183600712,2.5224,119200.0
-121.43,36.5,14.0,1835.0,0.09716430358632193,1867.0,0.10227272727272728,2.3879,129800.0
-121.74,36.47,28.0,1973.0,0.07110091743119266,970.0,0.07731729055258467,4.25,279100.0
-121.7,36.48,19.0,2150.0,0.0994578815679733,1052.0,0.09491978609625669,3.5039,288400.0
-121.31,36.42,21.0,2740.0,0.12781484570475396,2630.0,0.12522281639928698,2.6629,102700.0
-121.02,36.24,12.0,2198.0,0.10529608006672227,1971.0,0.11140819964349376,2.6801,100000.0
-121.32,35.95,31.0,372.0,0.013761467889908258,479.0,0.014483065953654188,3.5547,200000.0
-121.0,35.94,16.0,3077.0,0.1305254378648874,1479.0,0.11898395721925134,3.3724,114600.0
-120.79,36.06,29.0,1916.0,0.08006672226855713,1019.0,0.06951871657754011,2.4881,87500.0
-122.29,38.3,52.0,144.0,0.010842368640533779,89.0,0.010249554367201427,1.0096,162500.0
-122.31,38.27,34.0,1748.0,0.058798999165971644,783.0,0.06706773618538324,4.3585,194400.0
-122.28,38.22,42.0,106.0,0.003336113427856547,40.0,0.005124777183600713,7.5197,275000.0
-122.25,38.17,34.0,778.0,0.028148457047539616,406.0,0.029857397504456328,4.2955,121300.0
-122.18,38.49,15.0,1743.0,0.07589658048373644,655.0,0.05837789661319073,3.3393,146900.0
-122.59,38.56,43.0,2088.0,0.07860717264386989,721.0,0.06483957219251336,4.65,245000.0
-122.58,38.59,33.0,1239.0,0.05421184320266889,539.0,0.054367201426024955,3.5208,195800.0
-121.21,39.24,7.0,4194.0,0.13990825688073394,1355.0,0.12566844919786097,4.3702,226100.0
-121.18,39.19,16.0,1528.0,0.07276897414512093,729.0,0.07063279857397504,2.4688,138800.0
-121.23,39.27,11.0,1265.0,0.04628857381150959,573.0,0.04523172905525847,3.3603,162500.0
-121.06,39.29,14.0,1864.0,0.06859883236030025,894.0,0.07352941176470588,3.4028,171800.0
-117.66,33.61,16.0,2022.0,0.05254378648874062,789.0,0.059714795008912656,8.4112,286900.0
-117.66,33.62,16.0,4065.0,0.13740617180984152,1962.0,0.1412655971479501,6.2177,256600.0
-117.66,33.6,24.0,1684.0,0.04795663052543787,781.0,0.05080213903743316,6.8667,279600.0
-117.68,33.63,16.0,5218.0,0.24708090075062553,2701.0,0.250222816399287,3.929,143100.0
-117.66,33.59,18.0,4552.0,0.14678899082568808,1918.0,0.14906417112299467,7.5791,288100.0
-117.66,33.58,16.0,3016.0,0.0817347789824854,1172.0,0.08467023172905526,7.5196,315600.0
-117.67,33.57,18.0,1614.0,0.043369474562135114,692.0,0.046122994652406414,7.9294,280300.0
-117.65,33.65,16.0,1538.0,0.05379482902418682,835.0,0.057263814616755795,5.5779,234800.0
-117.66,33.64,17.0,3173.0,0.10404503753127606,1555.0,0.11541889483065954,6.7079,250800.0
-117.67,33.54,16.0,2102.0,0.0725604670558799,1003.0,0.07263814616755793,4.7981,170800.0
-117.67,33.55,6.0,3157.0,0.14991659716430358,1695.0,0.15775401069518716,3.7609,222300.0
-117.67,33.56,4.0,3289.0,0.15137614678899083,1345.0,0.14037433155080214,4.6863,184400.0
-117.64,33.51,15.0,1743.0,0.05254378648874062,943.0,0.06060606060606061,5.9339,286000.0
-117.55,33.52,15.0,426.0,0.012510425354462052,133.0,0.009581105169340463,5.136,447400.0
-117.59,33.66,3.0,1206.0,0.05296080066722268,563.0,0.06350267379679145,5.1589,167800.0
-117.65,33.53,7.0,6814.0,0.16326105087572979,2175.0,0.15129233511586454,10.49,500001.0
-117.62,33.42,23.0,2656.0,0.10696413678065055,998.0,0.0964795008912656,4.0294,500001.0
-117.62,33.47,4.0,1812.0,0.052752293577981654,661.0,0.04656862745098039,6.487,294200.0
-117.63,33.45,5.0,3549.0,0.1255212677231026,1571.0,0.11853832442067737,5.3705,363500.0
-117.63,33.46,7.0,7684.0,0.22643869891576313,2812.0,0.23507130124777184,6.3401,387300.0
-117.59,33.44,3.0,5813.0,0.26313594662218515,2363.0,0.23150623885918004,4.3897,341300.0
-117.66,33.48,22.0,809.0,0.03711426188490409,334.0,0.03453654188948307,2.3846,500001.0
-117.65,33.49,16.0,2223.0,0.09424520433694746,628.0,0.08467023172905526,4.3603,248800.0
-117.63,33.5,12.0,3619.0,0.11134278565471226,1506.0,0.10918003565062388,7.2013,353600.0
-117.76,33.7,12.0,4025.0,0.11926605504587157,2042.0,0.1305704099821747,7.9125,344900.0
-120.98,39.93,25.0,2220.0,0.1061301084236864,912.0,0.09959893048128342,1.8914,87800.0
-120.93,39.9,20.0,1511.0,0.06797331109257715,791.0,0.07085561497326204,2.0221,70900.0
-120.9,39.95,20.0,1349.0,0.04920767306088407,601.0,0.04478609625668449,3.5417,96600.0
-120.93,39.96,15.0,1666.0,0.07276897414512093,816.0,0.06996434937611408,2.9559,118800.0
-120.92,40.02,35.0,383.0,0.018765638031693076,202.0,0.015597147950089126,2.6458,102500.0
-120.91,40.08,24.0,1629.0,0.06484570475396163,641.0,0.06060606060606061,2.2067,69600.0
-120.94,40.14,31.0,3127.0,0.13803169307756463,1345.0,0.12878787878787878,1.5774,58000.0
-121.23,40.01,38.0,725.0,0.03919933277731443,219.0,0.02517825311942959,1.625,75000.0
-120.71,40.13,19.0,897.0,0.03711426188490409,276.0,0.02406417112299465,2.9554,89400.0
-121.25,40.27,25.0,958.0,0.05066722268557131,28.0,0.0031194295900178253,2.625,67500.0
-121.19,40.23,10.0,1572.0,0.04795663052543787,247.0,0.022727272727272728,5.8453,193800.0
-121.08,40.19,11.0,919.0,0.04107589658048374,69.0,0.009135472370766489,1.6944,137500.0
-121.09,40.3,15.0,1717.0,0.06964136780650543,501.0,0.045454545454545456,3.6477,113400.0
-121.15,40.25,14.0,5156.0,0.18306922435362802,616.0,0.06216577540106952,3.3462,145200.0
-121.36,38.64,24.0,6540.0,0.2097581317764804,2667.0,0.22927807486631016,5.5632,175200.0
-117.36,34.54,7.0,3940.0,0.15888240200166806,2140.0,0.15797682709447416,3.0357,91300.0
-117.61,34.34,18.0,5210.0,0.1897414512093411,1301.0,0.10294117647058823,4.8623,176900.0
-117.03,34.91,27.0,2718.0,0.12114261884904087,1472.0,0.11296791443850267,2.825,76600.0
-117.01,34.9,36.0,2181.0,0.11530442035029191,1404.0,0.10918003565062388,2.3077,55500.0
-117.0,34.89,29.0,2637.0,0.10633861551292743,1188.0,0.09893048128342247,2.99,69400.0
-117.31,34.35,9.0,2404.0,0.08090075062552127,1074.0,0.07954545454545454,5.0198,151900.0
-116.51,34.85,15.0,3149.0,0.1482485404503753,1281.0,0.10784313725490197,2.0,64700.0
-114.61,34.84,48.0,1291.0,0.05129274395329441,580.0,0.04656862745098039,2.1571,48600.0
-116.85,34.98,26.0,3606.0,0.164720600500417,1683.0,0.13502673796791445,2.6587,57400.0
-117.14,34.75,33.0,552.0,0.024603836530442035,347.0,0.021167557932263815,1.8158,100000.0
-117.13,34.88,21.0,3254.0,0.1390742285237698,1548.0,0.12098930481283422,2.3373,57100.0
-117.19,34.94,31.0,2034.0,0.09216013344453712,1097.0,0.08132798573975045,2.1522,60800.0
-117.08,34.96,28.0,1777.0,0.06359466221851542,721.0,0.057263814616755795,3.6343,79800.0
-117.07,32.72,18.0,1758.0,0.05921601334445371,987.0,0.061274509803921566,4.6875,141800.0
-117.07,32.71,36.0,2448.0,0.09862385321100918,1268.0,0.09982174688057041,2.5682,109100.0
-117.06,32.66,33.0,3425.0,0.1061301084236864,1528.0,0.10628342245989304,5.6889,234600.0
-117.23,32.88,18.0,5566.0,0.30504587155963303,6303.0,0.3244206773618538,1.858,205000.0
-117.29,32.92,25.0,2355.0,0.07902418682235196,823.0,0.07932263814616755,6.8322,500001.0
-117.21,32.89,14.0,3114.0,0.16075896580483737,1592.0,0.17245989304812834,3.3176,156100.0
-117.15,32.91,15.0,1613.0,0.0627606338615513,702.0,0.05303030303030303,4.875,169300.0
-117.15,32.9,12.0,1681.0,0.07902418682235196,1050.0,0.08021390374331551,4.2008,176100.0
-117.13,32.94,15.0,4846.0,0.17160133444537115,2797.0,0.18293226381461675,4.9375,180400.0
-117.26,32.95,15.0,1036.0,0.030650542118432027,395.0,0.03453654188948307,5.8343,500001.0
-117.05,32.59,26.0,1919.0,0.07151793160967473,1326.0,0.07553475935828877,4.2679,131900.0
-117.05,32.58,22.0,2101.0,0.08277731442869057,1551.0,0.08221925133689839,4.1518,136900.0
-117.06,32.57,16.0,1269.0,0.058381984987489574,1609.0,0.0659536541889483,2.6985,156500.0
-117.05,32.56,18.0,1215.0,0.06630525437864887,1195.0,0.07731729055258467,1.9875,114900.0
-117.04,32.55,15.0,2206.0,0.1346955796497081,2511.0,0.14393939393939395,1.6348,93200.0
-117.04,32.54,7.0,938.0,0.06150959132610509,1187.0,0.062388591800356503,1.2667,67500.0
-117.13,32.63,10.0,7374.0,0.2408256880733945,1900.0,0.17647058823529413,8.7991,478500.0
-117.07,32.65,12.0,4131.0,0.1853628023352794,2272.0,0.18672014260249553,3.4701,204900.0
-117.07,32.64,32.0,5135.0,0.21330275229357798,2152.0,0.20989304812834225,4.1325,172800.0
-117.11,32.62,27.0,1846.0,0.10571309424520434,1078.0,0.10695187165775401,2.1719,131500.0
-117.09,32.61,23.0,1157.0,0.0640116763969975,640.0,0.06929590017825311,2.1548,118800.0
-117.07,32.6,18.0,2602.0,0.11447039199332777,1042.0,0.12210338680926916,1.9267,67500.0
-117.05,33.01,19.0,3558.0,0.12218515429524604,1439.0,0.12834224598930483,4.625,211100.0
-117.03,33.0,6.0,6139.0,0.16492910758965804,2693.0,0.1711229946524064,7.7569,387400.0
-117.06,33.02,24.0,830.0,0.03919933277731443,279.0,0.04322638146167558,1.9176,121100.0
-117.06,33.03,23.0,2023.0,0.0640116763969975,678.0,0.07531194295900179,7.0913,265400.0
-117.05,33.05,6.0,7916.0,0.2691826522101751,2741.0,0.267825311942959,5.6436,278600.0
-117.25,33.06,6.0,9859.0,0.30150125104253545,4194.0,0.31172014260249553,6.439,296200.0
-117.29,33.08,18.0,3225.0,0.10696413678065055,1463.0,0.10561497326203209,5.7787,346700.0
-117.33,33.17,11.0,10923.0,0.4251459549624687,4773.0,0.41354723707664887,4.0791,281300.0
-117.34,33.16,31.0,2851.0,0.0950792326939116,1286.0,0.1036096256684492,4.5694,243700.0
-117.32,33.15,15.0,13245.0,0.4608006672226856,5495.0,0.4585561497326203,5.4904,262100.0
-117.31,33.1,15.0,2392.0,0.09257714762301918,747.0,0.09336007130124777,3.5341,500001.0
-117.31,33.11,7.0,7974.0,0.35467055879899917,2904.0,0.3449197860962567,4.1282,188100.0
-117.36,33.18,26.0,5550.0,0.23999165971643036,2372.0,0.23529411764705882,2.5509,181800.0
-117.38,33.14,14.0,5039.0,0.2858632193494579,1298.0,0.15463458110516934,3.2089999999999996,313300.0
-117.35,33.21,24.0,1586.0,0.05421184320266889,912.0,0.0659536541889483,4.25,150300.0
-117.3,33.23,13.0,3619.0,0.16451209341117598,1759.0,0.17914438502673796,2.765,98500.0
-117.32,33.22,15.0,4784.0,0.21622185154295245,1810.0,0.2192513368983957,2.4375,108900.0
-117.3,33.25,22.0,2329.0,0.08694745621351126,1456.0,0.08444741532976827,3.7933,131000.0
-117.22,33.31,12.0,2924.0,0.08986655546288574,1193.0,0.0873440285204991,6.2475,331300.0
-117.2,33.29,12.0,6358.0,0.24603836530442036,2778.0,0.2268270944741533,4.0357,295900.0
-117.25,33.39,22.0,2699.0,0.1128023352793995,1425.0,0.1089572192513369,2.375,137300.0
-117.26,33.37,7.0,2221.0,0.11384487072560467,1440.0,0.11118538324420678,2.2368,154600.0
-117.12,33.27,11.0,3016.0,0.12489574645537949,1727.0,0.12009803921568628,4.9375,232800.0
-120.9,35.69,14.0,5020.0,0.18911592994161802,2105.0,0.1769162210338681,3.8158,248700.0
-120.29,35.56,15.0,4760.0,0.1811926605504587,2459.0,0.16310160427807488,2.8110000000000004,142100.0
-120.65,35.29,36.0,1940.0,0.0652627189324437,850.0,0.0659536541889483,3.1818,249600.0
-120.69,35.25,15.0,4210.0,0.18703085904920766,1933.0,0.19273618538324422,2.7939999999999996,262500.0
-120.57,35.11,18.0,2920.0,0.11551292743953294,1068.0,0.12254901960784313,3.5242,156800.0
-120.57,35.18,16.0,5209.0,0.1907839866555463,2284.0,0.17981283422459893,4.0403,346100.0
-120.48,35.02,17.0,2721.0,0.09904086738949125,1672.0,0.10918003565062388,2.9798,204800.0
-120.64,35.46,6.0,5876.0,0.292743953294412,2877.0,0.29010695187165775,2.5437,146400.0
-122.26,37.45,17.0,2742.0,0.09153461217681401,986.0,0.09336007130124777,5.9285,496000.0
-122.27,37.24,30.0,2762.0,0.12322768974145121,1581.0,0.11140819964349376,5.1002,319400.0
-120.43,34.93,4.0,2866.0,0.1346955796497081,1311.0,0.12834224598930483,2.8649,186500.0
-120.43,34.97,28.0,1433.0,0.05587989991659716,1001.0,0.06149732620320856,4.0125,130100.0
-121.93,37.22,21.0,4872.0,0.12343619683069225,1811.0,0.12433155080213903,9.3834,500001.0
-121.61,37.15,16.0,5498.0,0.15158465387823186,2051.0,0.15418894830659535,7.8601,416300.0
-121.64,37.14,14.0,5487.0,0.21309424520433695,2823.0,0.2176916221033868,4.175,229800.0
-122.38,40.56,23.0,2281.0,0.08465387823185988,1164.0,0.09313725490196079,3.5347,101200.0
-122.45,40.61,17.0,785.0,0.03190158465387823,417.0,0.029857397504456328,2.3289,58200.0
-122.39,40.64,13.0,3604.0,0.146371976647206,1598.0,0.14884135472370766,2.4141,78700.0
-122.46,40.52,13.0,2085.0,0.06672226855713094,1077.0,0.07375222816399286,5.2149,146500.0
-122.41,40.53,28.0,1127.0,0.05066722268557131,538.0,0.04590017825311943,2.037,72000.0
-122.31,40.49,18.0,4026.0,0.14929107589658047,1731.0,0.15663992869875223,3.35,118400.0
-122.4,40.71,22.0,2390.0,0.10050041701417849,1131.0,0.10026737967914438,2.1458,84700.0
-122.35,40.68,36.0,1822.0,0.09320266889074229,930.0,0.08845811051693404,1.3801,56600.0
-122.27,40.46,14.0,2633.0,0.11009174311926606,1324.0,0.11385918003565063,2.2768,78600.0
-122.23,40.4,18.0,2102.0,0.07819015846538782,1059.0,0.08511586452762923,3.0556,95500.0
-122.27,40.39,26.0,1833.0,0.08757297748123437,939.0,0.09046345811051694,1.3571,59000.0
-121.41,40.82,16.0,2668.0,0.10717264386989157,915.0,0.08021390374331551,2.3393,90300.0
-120.23,39.56,14.0,1781.0,0.07172643869891576,734.0,0.06350267379679145,2.46,93000.0
-120.73,39.63,17.0,1791.0,0.07381150959132611,432.0,0.04188948306595366,3.8826,92400.0
-121.93,41.86,28.0,4225.0,0.17368640533778149,1908.0,0.15240641711229946,1.74,44000.0
-122.26,41.66,17.0,1885.0,0.0725604670558799,953.0,0.07263814616755793,2.1607,61400.0
-123.41,41.6,23.0,1654.0,0.07652210175145956,669.0,0.06038324420677362,1.965,65400.0
-122.92,41.7,23.0,4017.0,0.164720600500417,1634.0,0.1374777183600713,2.3571,62000.0
-122.56,41.69,21.0,2010.0,0.07464553794829024,947.0,0.0677361853832442,2.4107,70100.0
-122.65,41.72,15.0,3643.0,0.16659716430358631,1784.0,0.16510695187165775,1.8533,57500.0
-122.64,41.63,19.0,2722.0,0.0994578815679733,1108.0,0.09536541889483066,3.1062,100000.0
-122.56,41.53,29.0,1729.0,0.07360300250208507,848.0,0.07263814616755793,2.2024,60900.0
-122.93,41.48,20.0,4288.0,0.16409507923269392,1800.0,0.14661319073083778,2.7230000000000003,79600.0
-122.9,41.46,31.0,1277.0,0.054420350291909926,600.0,0.05325311942959002,1.7292,61700.0
-123.08,41.26,34.0,2773.0,0.14115929941618016,1066.0,0.09402852049910873,1.6757,63300.0
-122.49,41.43,19.0,3689.0,0.13386155129274396,1544.0,0.12566844919786097,3.125,76100.0
-122.37,41.41,28.0,1729.0,0.08694745621351126,929.0,0.08199643493761141,1.27,53100.0
-122.28,41.38,15.0,5266.0,0.21455379482902417,2147.0,0.19674688057040998,2.8036,110100.0
-122.45,41.28,15.0,2740.0,0.10446205170975813,1188.0,0.09870766488413547,3.4519,128800.0
-122.34,41.21,26.0,178.0,0.0079232693911593,55.0,0.005124777183600713,2.0375,57500.0
-122.27,41.23,40.0,1958.0,0.08006672226855713,725.0,0.07330659536541889,2.1898,65500.0
-122.27,41.2,52.0,4513.0,0.2049624687239366,1926.0,0.18114973262032086,1.5923,56000.0
-121.76,41.5,31.0,602.0,0.03148457047539616,112.0,0.010026737967914439,1.0667,34200.0
-122.08,40.09,19.0,2611.0,0.10446205170975813,1185.0,0.107174688057041,2.3657,94000.0
-122.17,40.2,28.0,1782.0,0.06922435362802336,873.0,0.06885026737967914,3.3594,79100.0
-121.8,40.34,26.0,4815.0,0.18932443703085905,1341.0,0.1196524064171123,2.881,79800.0
-122.42,40.32,16.0,1978.0,0.07777314428690575,961.0,0.07375222816399286,2.6827,83900.0
-122.24,40.18,39.0,2191.0,0.10237698081734779,1307.0,0.11073975044563279,1.6483,60800.0
-122.23,40.15,14.0,2297.0,0.11905754795663052,1637.0,0.12232620320855615,1.787,51600.0
-122.19,40.07,21.0,1548.0,0.060050041701417846,744.0,0.05860071301247772,1.9773,55000.0
-122.1,40.03,25.0,2516.0,0.0817347789824854,1266.0,0.10962566844919786,1.7566,58400.0
-122.0,39.94,27.0,852.0,0.03628023352793995,464.0,0.03253119429590018,1.7125,58200.0
-122.12,39.91,16.0,4006.0,0.16576313594662218,2028.0,0.16711229946524064,2.3929,77200.0
-122.68,41.15,32.0,817.0,0.042535446205170975,224.0,0.019385026737967916,3.631,90400.0
-119.27,36.39,17.0,2076.0,0.0725604670558799,998.0,0.07531194295900179,4.3281,145700.0
-119.36,36.22,10.0,2445.0,0.10925771476230192,1262.0,0.10561497326203209,1.9355,68300.0
-119.34,36.23,12.0,4965.0,0.18140116763969974,2191.0,0.178698752228164,3.5611,90200.0
-119.29,36.12,24.0,1248.0,0.04670558798999166,641.0,0.04411764705882353,2.4722,129200.0
-118.7,35.82,20.0,4642.0,0.2706422018348624,658.0,0.05459001782531194,2.3937,82100.0
-118.86,35.9,38.0,298.0,0.011050875729774812,161.0,0.010026737967914439,4.125,71300.0
-119.27,36.05,29.0,1016.0,0.03586321934945788,481.0,0.03074866310160428,2.2917,112500.0
-119.04,36.07,17.0,2623.0,0.13698915763135946,1912.0,0.13725490196078433,1.5893,52000.0
-119.42,35.97,21.0,554.0,0.02481234361968307,426.0,0.026737967914438502,2.3516,47500.0
-119.19,35.96,25.0,2014.0,0.08340283569641367,1160.0,0.08021390374331551,1.881,52500.0
-119.46,35.86,22.0,1750.0,0.07756463719766472,1113.0,0.0748663101604278,1.505,42700.0
-119.12,35.85,37.0,736.0,0.03419516263552961,564.0,0.030303030303030304,2.4167,58300.0
-119.27,35.89,18.0,1855.0,0.08798999165971642,1839.0,0.08689839572192513,1.7572,53300.0
-119.27,35.88,32.0,1393.0,0.07110091743119266,1282.0,0.07442067736185383,1.5069,43700.0
